#node	identifier	x_position	y_position	color	annotation
Act5C	6182.Q5DF69	0.3180851063829787	0.5670212765957447	rgb(117,239,214)	SJCHGC06318 protein.
CDKL1	6182.C1L3S7	0.627887537993921	0.12317629179331308	rgb(186,239,117)	Cyclin-dependent kinase-like 1.
CKI-alpha	6182.C1L4B0	0.6456686930091187	0.2948328267477204	rgb(0,178,157)	Casein kinase I isoform alpha isoform 1; Belongs to the protein kinase superfamily.
EWB00_000085	6182.A0A4Z2DKG0	0.8056990881458967	0.5355623100303951	rgb(255,0,0)	cAMP-dependent protein kinase catalytic subunit PRKX; Belongs to the protein kinase superfamily.
EWB00_000274	6182.A0A4Z2DJH5	0.4589665653495441	0.8891337386018238	rgb(255,175,101)	Collagen alpha-1(V) chain isoform 2.
EWB00_000320	6182.A0A4Z2DXA7	0.835790273556231	0.6306231003039514	rgb(178,171,0)	cGMP-dependent protein kinase.
EWB00_000422	6182.A0A4Z2DIX7	0.7393617021276596	0.3577507598784194	rgb(187,255,101)	Casein kinase I isoform alpha isoform 2; Belongs to the protein kinase superfamily.
EWB00_000516	6182.A0A4Z2DIX5	0.6668693009118541	0.6080547112462007	rgb(14,178,0)	3-phosphoinositide-dependent protein kinase 1 isoform 1; Belongs to the protein kinase superfamily.
EWB00_000751	6182.A0A4Z2DI18	0.5786474164133739	0.25243161094224925	rgb(101,255,163)	Mitogen-activated protein kinase; Belongs to the protein kinase superfamily. Ser/Thr protein kinase family. MAP kinase subfamily.
EWB00_001036	6182.A0A4Z2DH76	0.6702887537993921	0.8063829787234044	rgb(101,199,255)	Serine/threonine-protein kinase D1.
EWB00_001091	6182.A0A4Z2DGZ7	0.9158054711246201	0.43913373860182375	rgb(0,28,178)	Phosphorylase b kinase gamma catalytic chain, skeletal muscle/heart isoform isoform 3; Belongs to the protein kinase superfamily.
EWB00_001102	6182.A0A4Z2DGT3	0.6203647416413375	0.8686170212765958	rgb(150,101,255)	Collagen alpha-1(IV) chain isoform 1.
EWB00_001225	6182.A0A4Z2DG63	0.392629179331307	0.5362462006079027	rgb(239,117,117)	Catenin alpha-2 isoform 2.
EWB00_001228	6182.A0A4Z2DGB2	0.5663373860182371	0.37142857142857144	rgb(239,120,117)	Serine/threonine-protein kinase receptor; Belongs to the protein kinase superfamily. TKL Ser/Thr protein kinase family. TGFB receptor subfamily.
EWB00_001311	6182.A0A4Z2DG67	0.5266717325227964	0.8993920972644378	rgb(239,123,117)	Collagen alpha-2(I) chain.
EWB00_001328	6182.A0A4Z2DG14	0.5465045592705168	0.8009118541033435	rgb(239,127,117)	Laminin subunit alpha-1.
EWB00_001343	6182.A0A4Z2DFX9	0.7626139817629181	0.5629179331306992	rgb(239,130,117)	Dual specificity mitogen-activated protein kinase kinase 2 isoform 1; Belongs to the protein kinase superfamily.
EWB00_001391	6182.A0A4Z2DWQ9	0.8549392097264438	0.5348784194528875	rgb(239,133,117)	Serine/threonine-protein kinase ULK3.
EWB00_001408	6182.A0A4Z2DX44	0.08077507598784195	0.4856382978723404	rgb(239,137,117)	Actin-related protein; Belongs to the actin family.
EWB00_001471	6182.A0A4Z2DFS2	0.5403495440729483	0.47674772036474167	rgb(239,140,117)	Tyrosine-protein kinase.
EWB00_001594	6182.A0A4Z2DF50	0.6101063829787235	0.3898936170212766	rgb(239,143,117)	Receptor protein serine/threonine kinase; Belongs to the protein kinase superfamily. TKL Ser/Thr protein kinase family. TGFB receptor subfamily.
EWB00_001618	6182.A0A4Z2DF74	0.31534954407294835	0.46717325227963524	rgb(239,147,117)	Actin-like protein isoform 3; Belongs to the actin family.
EWB00_001961	6182.A0A4Z2DEA2	0.2838905775075988	0.3331306990881459	rgb(239,150,117)	AP2-associated protein kinase 1.
EWB00_002103	6182.A0A4Z2DDE8	0.3180851063829787	0.7981762917933132	rgb(239,153,117)	Fermitin family 1.
EWB00_002182	6182.A0A4Z2DD10	0.4876899696048632	0.3406534954407295	rgb(239,157,117)	Receptor-type tyrosine-protein phosphatase V.
EWB00_002194	6182.A0A4Z2DDD6	0.7646656534954408	0.7332066869300913	rgb(239,160,117)	Ribosomal protein S6 kinase.
EWB00_002313	6182.A0A4Z2DC78	0.08009118541033435	0.7441489361702128	rgb(239,163,117)	Netrin-B isoform 1.
EWB00_002386	6182.A0A4Z2DCG1	0.6490881458966566	0.4582826747720365	rgb(239,167,117)	Dual specificity mitogen-activated protein kinase kinase 1.
EWB00_002413	6182.A0A4Z2DCK0	0.6511398176291794	0.8166413373860183	rgb(239,170,117)	Serine/threonine-protein kinase 3.
EWB00_002502	6182.Q71TT8	0.3310790273556231	0.5553951367781156	rgb(239,173,117)	Actin-2 isoform 2.
EWB00_002531	6182.A0A4Z2DBU6	0.6073708206686931	0.4883738601823708	rgb(239,177,117)	LIM domain kinase 1.
EWB00_002741	6182.A0A4Z2DB14	0.6579787234042553	0.6504559270516719	rgb(239,180,117)	Laminin subunit beta-2.
EWB00_002775	6182.A0A4Z2DBA8	0.3837386018237082	0.77629179331307	rgb(239,183,117)	Filamin-A.
EWB00_002781	6182.A0A4Z2DBA4	0.7892857142857144	0.4480243161094225	rgb(239,187,117)	Casein kinase I isoform alpha isoform 1; Belongs to the protein kinase superfamily.
EWB00_002797	6182.A0A4Z2DBK5	0.6798632218844985	0.31534954407294835	rgb(239,190,117)	Serine/threonine-protein kinase SIK2.
EWB00_002858	6182.A0A4Z2DAI3	0.6750759878419453	0.43913373860182375	rgb(239,193,117)	Dual specificity mitogen-activated protein kinase kinase 1 isoform 3.
EWB00_002869	6182.A0A4Z2DAG8	0.48016717325227964	0.6867021276595746	rgb(239,196,117)	Integrin beta.
EWB00_002899	6182.A0A4Z2DX55	0.4589665653495441	0.3837386018237082	rgb(239,200,117)	Fibroblast growth factor receptor 2 isoform 2.
EWB00_002919	6182.A0A4Z2DWJ9	0.45486322188449846	0.6846504559270518	rgb(239,203,117)	Integrin alpha-5; Belongs to the integrin alpha chain family.
EWB00_003002	6182.A0A4Z2DAI8	0.18814589665653497	0.19224924012158057	rgb(239,206,117)	Cyclin-dependent kinase-like 1.
EWB00_003063	6182.A0A4Z2D9R8	0.541033434650456	0.39399696048632216	rgb(239,210,117)	Protein sevenless.
EWB00_003065	6182.A0A4Z2D9U3	0.5902735562310031	0.7243161094224925	rgb(239,213,117)	Calcium/calmodulin-dependent protein kinase type II delta chain isoform 3.
EWB00_003107	6182.A0A4Z2D9H4	0.08487841945288754	0.38647416413373864	rgb(239,220,117)	Netrin-A.
EWB00_003114	6182.A0A4Z2D9R6	0.7359422492401216	0.41246200607902733	rgb(239,223,117)	Serine/threonine-protein kinase NIM1.
EWB00_003146	6182.A0A4Z2D9E0	0.36253799392097263	0.6497720364741643	rgb(239,226,117)	Talin-1.
EWB00_003234	6182.A0A4Z2D940	0.4363981762917933	0.3091945288753799	rgb(239,230,117)	Cyclin-dependent kinase 10 isoform 2.
EWB00_003272	6182.Q5DB60	0.6333586626139818	0.6128419452887539	rgb(239,233,117)	Cyclin-dependent kinase 1 isoform 2; Belongs to the protein kinase superfamily.
EWB00_003359	6182.C1LMR7	0.21208206686930092	0.5977963525835867	rgb(239,236,117)	Cofilin/actin-depolymerizing factor; Belongs to the actin-binding proteins ADF family.
EWB00_003429	6182.A0A4Z2DWH7	0.36458966565349543	0.6121580547112463	rgb(239,239,117)	Paxillin isoform 1.
EWB00_003470	6182.A0A4Z2D886	0.7619300911854104	0.8050151975683891	rgb(235,239,117)	Serine/threonine-protein kinase Chk2 isoform 2.
EWB00_003565	6182.A0A4Z2D923	0.3953647416413374	0.5957446808510639	rgb(232,239,117)	Vinculin.
EWB00_003590	6182.A0A4Z2D831	0.12727963525835867	0.7407294832826748	rgb(229,239,117)	Four and a half LIM domains protein.
EWB00_003639	6182.A0A4Z2D7T8	0.5088905775075988	0.7243161094224925	rgb(226,239,117)	Integrin.
EWB00_003710	6182.A0A4Z2D7R1	0.5088905775075988	0.638145896656535	rgb(222,239,117)	Cyclin-G-associated kinase.
EWB00_003747	6182.A0A4Z2DVH8	0.5998480243161094	0.4042553191489362	rgb(219,239,117)	Tyrosine-protein kinase.
EWB00_003876	6182.A0A4Z2D736	0.36732522796352585	0.4493920972644377	rgb(212,239,117)	Myosin light chain kinase, smooth muscle isoform 1.
EWB00_003952	6182.A0A4Z2DWE0	0.3502279635258359	0.19224924012158057	rgb(209,239,117)	LIM homeobox transcription factor 1-beta.
EWB00_004032	6182.A0A4Z2D6K4	0.47674772036474167	0.5841185410334347	rgb(206,239,117)	Protein kinase C; Belongs to the protein kinase superfamily. AGC Ser/Thr protein kinase family. PKC subfamily.
EWB00_004095	6182.Q6PMM5	0.6306231003039514	0.5417173252279636	rgb(202,239,117)	Mitogen-activated protein kinase; Belongs to the protein kinase superfamily. Ser/Thr protein kinase family. MAP kinase subfamily.
EWB00_004122	6182.A0A4Z2D6I6	0.24422492401215806	0.8576747720364741	rgb(199,239,117)	LIM domain-containing protein isoform 1.
EWB00_004137	6182.A0A4Z2D773	0.22712765957446812	0.3427051671732523	rgb(196,239,117)	Spectrin beta chain, non-erythrocytic 1.
EWB00_004179	6182.C1LFA8	0.8542553191489362	0.2620060790273556	rgb(192,239,117)	Dual specificity protein kinase CLK2.
EWB00_004196	6182.A0A4Z2DUY0	0.6942249240121581	0.5779635258358664	rgb(189,239,117)	cAMP-dependent protein kinase catalytic subunit alpha isoform 5; Belongs to the protein kinase superfamily.
EWB00_004243	6182.A0A4Z2D5G0	0.40083586626139817	0.31876899696048633	rgb(182,239,117)	SH3 domain-containing kinase-binding protein isoform 1.
EWB00_004325	6182.A0A4Z2D5X8	0.9089665653495441	0.6422492401215806	rgb(179,239,117)	Serine/threonine-protein kinase Nek10 isoform 3.
EWB00_004368	6182.A0A4Z2D605	0.5649696048632219	0.5095744680851064	rgb(176,239,117)	Glycogen synthase kinase-3 alpha; Belongs to the protein kinase superfamily.
EWB00_004405	6182.A0A4Z2D5F1	0.7865501519756839	0.4904255319148936	rgb(172,239,117)	Calcium/calmodulin-dependent protein kinase type IV.
EWB00_004406	6182.A0A4Z2D5D6	0.4993161094224924	0.5198328267477205	rgb(169,239,117)	Tyrosine-protein kinase.
EWB00_004506	6182.A0A4Z2D514	0.6655015197568389	0.5047872340425532	rgb(166,239,117)	Mitogen-activated protein kinase; Belongs to the protein kinase superfamily. Ser/Thr protein kinase family. MAP kinase subfamily.
EWB00_004650	6182.A0A4Z2D5A9	0.7516717325227964	0.402887537993921	rgb(159,239,117)	Non-specific serine/threonine protein kinase.
EWB00_004811	6182.A0A4Z2DUN6	0.41246200607902733	0.7229483282674773	rgb(156,239,117)	Aurora kinase B-B; Belongs to the protein kinase superfamily.
EWB00_004872	6182.A0A4Z2DUW3	0.44255319148936173	0.8104863221884498	rgb(152,239,117)	Fibronectin type 3 and ankyrin repeat-containing 1 protein.
EWB00_004876	6182.A0A4Z2DUG9	0.3331306990881459	0.5321428571428571	rgb(149,239,117)	Actin-1.
EWB00_004878	6182.A0A4Z2DUX1	0.32971124620060793	0.5437689969604863	rgb(146,239,117)	Actin-1.
EWB00_004965	6182.A0A4Z2D4A5	0.30098784194528877	0.745516717325228	rgb(143,239,117)	LIM domain-containing protein isoform 1.
EWB00_005112	6182.C1LH53	0.7106382978723405	0.3242401215805471	rgb(139,239,117)	Dual specificity mitogen-activated protein kinase kinase 6.
EWB00_005116	6182.A0A4Z2D2T5	0.5923252279635259	0.7085866261398177	rgb(136,239,117)	Serine/threonine-protein kinase PLK4.
EWB00_005166	6182.A0A4Z2D2Y7	0.7496200607902735	0.5082066869300912	rgb(133,239,117)	Non-specific serine/threonine protein kinase.
EWB00_005385	6182.A0A4Z2D1Q0	0.7735562310030396	0.6778115501519757	rgb(129,239,117)	Non-specific serine/threonine protein kinase.
EWB00_005467	6182.A0A4Z2DU85	0.503419452887538	0.4343465045592705	rgb(126,239,117)	Protein kinase C; Belongs to the protein kinase superfamily. AGC Ser/Thr protein kinase family. PKC subfamily.
EWB00_005528	6182.A0A4Z2D2F1	0.641565349544073	0.919224924012158	rgb(123,239,117)	Collagen alpha-1(XXIV) chain.
EWB00_005624	6182.A0A4Z2DU38	0.6689209726443769	0.18541033434650456	rgb(119,239,117)	Cyclin-dependent kinase 8 isoform 2.
EWB00_005803	6182.A0A4Z2D0N4	0.38647416413373864	0.4958966565349544	rgb(117,239,118)	Nephrocystin-1.
EWB00_005849	6182.A0A4Z2D0D0	0.48016717325227964	0.48221884498480244	rgb(117,239,121)	Tyrosine-protein kinase.
EWB00_005902	6182.A0A4Z2D084	0.20113981762917932	0.4363981762917933	rgb(117,239,124)	Huntington interacting protein related 1 isoform 1.
EWB00_005910	6182.A0A4Z2D044	0.3871580547112462	0.42545592705167173	rgb(117,239,128)	Growth factor receptor-bound protein.
EWB00_006002	6182.A0A4Z2DTC9	0.25790273556231	0.5157294832826749	rgb(117,239,131)	Actin-related protein; Belongs to the actin family.
EWB00_006050	6182.A0A4Z2DTJ0	0.2346504559270517	0.6716565349544074	rgb(117,239,134)	Alpha-actinin-2.
EWB00_006126	6182.A0A4Z2CZR2	0.5704407294832827	0.7892857142857144	rgb(117,239,138)	Laminin subunit gamma-1.
EWB00_006165	6182.A0A4Z2CZH4	0.731838905775076	0.20387537993920973	rgb(117,239,141)	Cyclin-dependent kinase 20; Belongs to the protein kinase superfamily.
EWB00_006175	6182.A0A4Z2CZK0	0.7585106382978725	0.42750759878419453	rgb(117,239,144)	Serine/threonine-protein kinase pim-1.
EWB00_006199	6182.A0A4Z2D0J4	0.4917933130699088	0.8829787234042553	rgb(117,239,148)	Collagen alpha-1(IV) chain.
EWB00_006200	6182.A0A4Z2CZM0	0.5636018237082067	0.8952887537993921	rgb(117,239,151)	Collagen alpha-2(IV) chain isoform 2.
EWB00_006201	6182.A0A4Z2CZR4	0.5820668693009119	0.8850303951367782	rgb(117,239,154)	Collagen-like protein.
EWB00_006209	6182.A0A4Z2CZP0	0.4569148936170213	0.6661854103343465	rgb(117,239,157)	Integrin isoform 1; Belongs to the integrin alpha chain family.
EWB00_006234	6182.A0A4Z2CZ44	0.36937689969604864	0.7708206686930091	rgb(117,239,161)	Filamin-A isoform 2.
EWB00_006315	6182.A0A4Z2CYT8	0.503419452887538	0.1047112462006079	rgb(117,239,164)	Serine/threonine-protein kinase PRP4.
EWB00_006350	6182.A0A4Z2CZ14	0.6634498480243162	0.5184650455927052	rgb(117,239,167)	Mitogen-activated protein kinase; Belongs to the protein kinase superfamily. Ser/Thr protein kinase family. MAP kinase subfamily.
EWB00_006505	6182.A0A4Z2CYG9	0.3228723404255319	0.651823708206687	rgb(117,239,171)	Talin-2 isoform 1.
EWB00_006602	6182.A0A4Z2CXP2	0.8214285714285714	0.25448328267477205	rgb(117,239,174)	Cyclin-dependent kinase 7; Belongs to the protein kinase superfamily.
EWB00_006607	6182.A0A4Z2CXQ1	0.6839665653495441	0.8549392097264438	rgb(117,239,177)	Tripartite motif-containing 3.
EWB00_006747	6182.A0A4Z2CWY6	0.31671732522796353	0.8419452887537995	rgb(117,239,181)	B41 domain-containing protein.
EWB00_006779	6182.A0A4Z2CX29	0.7120060790273557	0.8364741641337387	rgb(117,239,184)	Tripartite motif-containing protein.
EWB00_007031	6182.A0A4Z2CW39	0.8713525835866263	0.372112462006079	rgb(117,239,187)	Germinal center kinase 3.
EWB00_007161	6182.A0A4Z2CVK4	0.6887537993920974	0.39946808510638293	rgb(117,239,191)	MAP kinase-activated protein kinase 2 isoform 1; Belongs to the protein kinase superfamily.
EWB00_007221	6182.A0A4Z2CVB7	0.4268237082066869	0.08419452887537994	rgb(117,239,194)	Tyrosine-protein kinase RYK.
EWB00_007274	6182.C1LH03	0.19566869300911854	0.5157294832826749	rgb(117,239,197)	Drebrin-like protein.
EWB00_007322	6182.A0A4Z2CUR2	0.4569148936170213	0.6155775075987843	rgb(117,239,201)	Focal adhesion kinase 1; Belongs to the protein kinase superfamily. Tyr protein kinase family.
EWB00_007395	6182.A0A4Z2CUS5	0.4418693009118541	0.8822948328267478	rgb(117,239,204)	Collagen alpha-2(V) chain isoform 1.
EWB00_007426	6182.C1LJL2	0.2620060790273556	0.603951367781155	rgb(117,239,207)	Actin-related protein isoform 1; Belongs to the actin family.
EWB00_007519	6182.Q5D9F6	0.5246200607902736	0.35501519756838906	rgb(117,239,217)	Mitogen-activated protein kinase.
EWB00_007520	6182.A0A4Z2CUE7	0.5013677811550152	0.506838905775076	rgb(117,239,221)	Tyrosine-protein kinase.
EWB00_007640	6182.A0A4Z2CTJ3	0.5629179331306992	0.4856382978723404	rgb(117,239,224)	Mitogen-activated protein kinase kinase kinase 9.
EWB00_007650	6182.A0A4Z2CTZ5	0.6846504559270518	0.6901215805471126	rgb(117,239,227)	Serine/threonine-protein kinase 25 isoform 1.
EWB00_007721	6182.A0A4Z2DSU2	0.7037993920972645	0.600531914893617	rgb(117,239,211)	cAMP-dependent protein kinase catalytic subunit isoform 4; Belongs to the protein kinase superfamily.
EWB00_007739	6182.A0A4Z2CT39	0.1074468085106383	0.5184650455927052	rgb(117,239,230)	Twinfilin-1 isoform 1.
EWB00_007959	6182.A0A4Z2CS38	0.5287234042553192	0.2305471124620061	rgb(117,239,237)	Mitogen-activated protein kinase; Belongs to the protein kinase superfamily. Ser/Thr protein kinase family. MAP kinase subfamily.
EWB00_007965	6182.A0A4Z2CSU9	0.597112462006079	0.4514437689969605	rgb(117,238,239)	Insulin receptor-related protein.
EWB00_007978	6182.A0A4Z2CSH8	0.5636018237082067	0.6053191489361702	rgb(117,235,239)	SHC-transforming protein isoform 1.
EWB00_008035	6182.A0A4Z2CRV6	0.9117021276595746	0.6901215805471126	rgb(117,231,239)	Serine/threonine-protein kinase Nek7; Belongs to the protein kinase superfamily.
EWB00_008162	6182.A0A4Z2CR55	0.5827507598784195	0.41930091185410334	rgb(117,228,239)	Ephrin type-B receptor 3; Belongs to the protein kinase superfamily. Tyr protein kinase family.
EWB00_008189	6182.A0A4Z2CR88	0.49247720364741643	0.46580547112462006	rgb(117,225,239)	Tyrosine-protein kinase.
EWB00_008231	6182.A0A4Z2CRJ2	0.5499240121580548	0.641565349544073	rgb(117,221,239)	Serine/threonine-protein kinase PAK 2 isoform 1; Belongs to the protein kinase superfamily.
EWB00_008239	6182.A0A4Z2CQY2	0.4206686930091186	0.8761398176291794	rgb(117,218,239)	Collagen alpha-2(I) chain isoform 1.
EWB00_008286	6182.A0A4Z2CQZ5	0.8583586626139817	0.4685410334346504	rgb(117,215,239)	Serine/threonine-protein kinase OSR1 isoform 2.
EWB00_008372	6182.A0A4Z2CQJ6	0.537613981762918	0.7270516717325228	rgb(117,211,239)	Serine/threonine-protein kinase PLK1 isoform 2.
EWB00_008411	6182.A0A4Z2CQ40	0.5129939209726444	0.6244680851063831	rgb(117,208,239)	Serine/threonine-protein kinase PAK mbt isoform 1.
EWB00_008528	6182.A0A4Z2CPM6	0.5991641337386019	0.6511398176291794	rgb(117,205,239)	Tyrosine-protein phosphatase non-receptor type 1.
EWB00_008648	6182.A0A4Z2CP90	0.8460486322188451	0.7503039513677812	rgb(117,201,239)	Serine/threonine-protein kinase Nek1.
EWB00_008683	6182.A0A4Z2CNZ1	0.6244680851063831	0.5574468085106383	rgb(117,198,239)	Mitogen-activated protein kinase; Belongs to the protein kinase superfamily. Ser/Thr protein kinase family. MAP kinase subfamily.
EWB00_008724	6182.A0A4Z2DSJ8	0.7509878419452888	0.6504559270516719	rgb(117,195,239)	Calcium/calmodulin-dependent protein kinase type 1 isoform 2; Belongs to the protein kinase superfamily.
EWB00_008747	6182.C1LG63	0.23191489361702128	0.48632218844984804	rgb(117,191,239)	Putative LIM domain binding 3.
EWB00_008748	6182.A0A4Z2DTN7	0.472644376899696	0.4158814589665653	rgb(117,188,239)	Fibroblast growth factor receptor 2 isoform 2; Belongs to the protein kinase superfamily. Tyr protein kinase family.
EWB00_008857	6182.A0A4Z2DY79	0.30303951367781157	0.513677811550152	rgb(117,182,239)	Alpha-centractin; Belongs to the actin family.
EWB00_008932	6182.A0A4Z2DSG0	0.8446808510638298	0.6914893617021277	rgb(117,178,239)	Serine/threonine-protein kinase Nek4.
EWB00_008934	6182.A0A4Z2DSI5	0.5430851063829787	0.5560790273556232	rgb(117,175,239)	Serine/threonine-protein kinase B-raf.
EWB00_008993	6182.A0A4Z2CNG2	0.7140577507598784	0.554711246200608	rgb(117,172,239)	cAMP-dependent protein kinase catalytic subunit; Belongs to the protein kinase superfamily.
EWB00_009095	6182.A0A4Z2CND2	0.5403495440729483	0.44870820668693007	rgb(117,168,239)	Tyrosine-protein kinase.
EWB00_009117	6182.A0A4Z2CN06	0.37348024316109424	0.919224924012158	rgb(117,165,239)	Ankyrin repeat family A protein.
EWB00_009122	6182.A0A4Z2CN26	0.6408814589665653	0.506838905775076	rgb(117,162,239)	Mitogen-activated protein kinase.
EWB00_009161	6182.C1L3T0	0.2708966565349544	0.5471884498480244	rgb(117,158,239)	Actin; Belongs to the actin family.
EWB00_009162	6182.A0A4Z2CMV9	0.268161094224924	0.5615501519756839	rgb(117,155,239)	Actin-1; Belongs to the actin family.
EWB00_009224	6182.A0A4Z2CMJ2	0.5157294832826749	0.2175531914893617	rgb(117,152,239)	Receptor-type tyrosine-protein phosphatase N2.
EWB00_009267	6182.A0A4Z2CML4	0.31876899696048633	0.5779635258358664	rgb(117,148,239)	Actin, plasmodial isoform; Belongs to the actin family.
EWB00_009287	6182.A0A4Z2CN04	0.6784954407294833	0.7113221884498481	rgb(117,145,239)	Casein kinase I isoform delta isoform 4.
EWB00_009305	6182.A0A4Z2DS24	0.1006079027355623	0.43913373860182375	rgb(117,142,239)	Actin-related protein; Belongs to the actin family.
EWB00_009358	6182.A0A4Z2DRM5	0.6272036474164134	0.655243161094225	rgb(117,138,239)	Calcium-dependent protein kinase C isoform 2.
EWB00_009435	6182.A0A4Z2CM43	0.4623860182370821	0.2975683890577508	rgb(117,132,239)	Endophilin-A3.
EWB00_009456	6182.A0A4Z2CM06	0.6764437689969605	0.2934650455927052	rgb(117,128,239)	Dual specificity mitogen-activated protein kinase kinase 6 isoform 2.
EWB00_009457	6182.A0A4Z2CLX5	0.4227203647416414	0.39673252279635257	rgb(117,125,239)	Tyrosine-protein phosphatase corkscrew.
EWB00_009479	6182.A0A4Z2DRN3	0.8029635258358664	0.7810790273556232	rgb(117,122,239)	Serine/threonine-protein kinase MAK.
EWB00_009480	6182.C1L449	0.7550911854103345	0.16489361702127658	rgb(117,118,239)	Cell division protein kinase 9-B; Belongs to the protein kinase superfamily.
EWB00_009541	6182.A0A4Z2DR60	0.23806990881458967	0.7844984802431612	rgb(117,117,239)	LIM domain-containing protein.
EWB00_009560	6182.A0A4Z2CLW6	0.26679331306990883	0.7215805471124621	rgb(117,117,239)	Lipoma-preferred partner.
EWB00_009605	6182.A0A4Z2DR61	0.34544072948328264	0.7448328267477204	rgb(117,117,239)	Ankyrin-2 isoform 3.
EWB00_010024	6182.A0A4Z2CL49	0.4165653495440729	0.41109422492401215	rgb(117,117,239)	Tyrosine-protein phosphatase non-receptor type 11 isoform 3.
EWB00_010219	6182.A0A4Z2DPU8	0.7927051671732523	0.20455927051671735	rgb(117,117,239)	Cyclin-dependent kinase 9; Belongs to the protein kinase superfamily.
EWB00_010398	6182.A0A4Z2DXN3	0.3796352583586626	0.7051671732522796	rgb(117,117,239)	Integrin-linked protein kinase pat-4.
EWB00_010448	6182.A0A4Z2DXQ5	0.489741641337386	0.900759878419453	rgb(117,117,239)	Collagen alpha-2(I) chain.
EWB00_010449	6182.A0A4Z2DXL3	0.39673252279635257	0.8658814589665654	rgb(117,117,239)	Collagen alpha-1(XXI) chain.
EWB00_010450	6182.A0A4Z2DXW2	0.5417173252279636	0.8870820668693009	rgb(117,117,239)	Collagen-like protein isoform 2.
EWB00_010643	6182.A0A4Z2DN24	0.4329787234042553	0.5601823708206687	rgb(117,117,239)	Cytoplasmic protein isoform 1.
EWB00_010647	6182.Q5DHL6	0.2743161094224924	0.46375379939209727	rgb(117,117,239)	Actin-related protein 2; ATP-binding component of the Arp2/3 complex, a multiprotein complex that mediates actin polymerization upon stimulation by nucleation-promoting factor (NPF). The Arp2/3 complex mediates the formation of branched actin networks in the cytoplasm, providing the force for cell motility. Seems to contact the pointed end of the daughter actin filament.
EWB00_010649	6182.A0A4Z2DN32	0.20387537993920973	0.6750759878419453	rgb(117,117,239)	Alpha-actinin.
EWB00_010687	6182.A0A4Z2DNJ5	0.5608662613981763	0.5663373860182371	rgb(117,117,239)	Tyrosine-protein kinase.
EWB00_010727	6182.A0A4Z2DNH6	0.29414893617021276	0.361854103343465	rgb(117,117,239)	Spectrin beta chain isoform 2.
EWB00_011039	6182.A0A4Z2DN82	0.43571428571428567	0.6668693009118541	rgb(117,117,239)	Integrin alpha-7; Belongs to the integrin alpha chain family.
EWB00_011156	6182.A0A4Z2DLU7	0.4165653495440729	0.7906534954407296	rgb(117,117,239)	Aurora kinase A.
EWB00_011263	6182.A0A4Z2DKT9	0.5704407294832827	0.554711246200608	rgb(117,117,239)	RAC serine/threonine-protein kinase.
EWB00_011320	6182.Q5DBY2	0.8050151975683891	0.5704407294832827	rgb(117,117,239)	Serine/threonine-protein kinase 17A isoform 1; Belongs to the protein kinase superfamily.
FHL-2	6182.C1LEH1	0.16215805471124622	0.8022796352583588	rgb(117,135,239)	Four and a half LIM domains protein 2.
Grb2	6182.Q86F73	0.4206686930091186	0.4835866261398176	rgb(216,239,117)	Growth factor receptor-bound protein isoform 1.
PR2	6182.C7TXQ4	0.5854863221884499	0.48085106382978726	rgb(117,117,239)	Putative mitogen-activated protein kinase kinase kinase 7-like isoform 1.
TK3	6182.A0A2S1REI0	0.25858662613981764	0.2722644376899696	rgb(239,216,117)	Tyrosine-protein kinase.
cdk5	6182.C1L6Q8	0.5150455927051673	0.30440729483282675	rgb(162,239,117)	Cyclin-dependent-like kinase 5 isoform 2; Belongs to the protein kinase superfamily.
fyn-prov	6182.C1LGZ6	0.5198328267477205	0.5061550151975683	rgb(117,239,234)	Tyrosine-protein kinase.
tsr	6182.Q86ES4	0.2674772036474164	0.42340425531914894	rgb(117,185,239)	Actin depolymerizing factor-like protein; Belongs to the actin-binding proteins ADF family.
