#node	identifier	domain_summary_url	annotation	other_names_and_aliases
Act5C	6182.Q5DF69	SJCHGC06318 protein.	https://smart.embl.de/smart/DDvec.cgi?smart=376:ACTIN(6|376)+	Act5C,Actin 5C,Actin-2,EWB00_007517,Q5DF69,Q5DF69_SCHJA,SJCHGC06318 protein
CDKL1	6182.C1L3S7	Cyclin-dependent kinase-like 1.	https://smart.embl.de/smart/DDvec.cgi?smart=510:S_TKc(4|291)+	2.7.11.22,C1L3S7,C1L3S7_SCHJA,CDKL1,Cyclin-dependent kinase-like 1,EWB00_004212
CKI-alpha	6182.C1L4B0	Casein kinase I isoform alpha isoform 1; Belongs to the protein kinase superfamily.	https://smart.embl.de/smart/DDvec.cgi?smart=427:Pfam_Pkinase_Tyr(18|255)+	2.7.11.1,C1L4B0,C1L4B0_SCHJA,CKI-alpha,Casein kinase I isoform alpha,Casein kinase I isoform alpha isoform 1,EWB00_000811
EWB00_000085	6182.A0A4Z2DKG0	cAMP-dependent protein kinase catalytic subunit PRKX; Belongs to the protein kinase superfamily.	https://smart.embl.de/smart/DDvec.cgi?smart=359:S_TKc(80|337)+	A0A4Z2DKG0,A0A4Z2DKG0_SCHJA,EWB00_000085
EWB00_000274	6182.A0A4Z2DJH5	Collagen alpha-1(V) chain isoform 2.	https://smart.embl.de/smart/DDvec.cgi?smart=1655:SIGNAL(1|25)+TSPN(62|245)+Pfam_Collagen(389|466)+Pfam_Collagen(698|762)+Pfam_Collagen(803|870)+Pfam_Collagen(1307|1367)+COLFI(1395|1654)+	A0A4Z2DJH5,A0A4Z2DJH5_SCHJA,Collagen alpha-1(V) chain isoform 2,EWB00_000274
EWB00_000320	6182.A0A4Z2DXA7	cGMP-dependent protein kinase.	https://smart.embl.de/smart/DDvec.cgi?smart=686:cNMP(149|265)+cNMP(267|398)+S_TKc(415|674)+	2.7.11.12,A0A4Z2DXA7,A0A4Z2DXA7_SCHJA,EWB00_000320,cGMP-dependent protein kinase
EWB00_000422	6182.A0A4Z2DIX7	Casein kinase I isoform alpha isoform 2; Belongs to the protein kinase superfamily.	https://smart.embl.de/smart/DDvec.cgi?smart=355:Pfam_Pkinase_Tyr(18|285)+	A0A4Z2DIX7,A0A4Z2DIX7_SCHJA,Casein kinase I isoform alpha isoform 2,EWB00_000422
EWB00_000516	6182.A0A4Z2DIX5	3-phosphoinositide-dependent protein kinase 1 isoform 1; Belongs to the protein kinase superfamily.	https://smart.embl.de/smart/DDvec.cgi?smart=496:S_TKc(30|305)+PH(386|475)+	A0A4Z2DIX5,A0A4Z2DIX5_SCHJA,EWB00_000516
EWB00_000751	6182.A0A4Z2DI18	Mitogen-activated protein kinase; Belongs to the protein kinase superfamily. Ser/Thr protein kinase family. MAP kinase subfamily.	https://smart.embl.de/smart/DDvec.cgi?smart=534:S_TKc(60|369)+	2.7.11.24,A0A4Z2DI18,A0A4Z2DI18_SCHJA,EWB00_000751,Mitogen-activated protein kinase
EWB00_001036	6182.A0A4Z2DH76	Serine/threonine-protein kinase D1.	https://smart.embl.de/smart/DDvec.cgi?smart=1253:C1(98|147)+C1(267|316)+S_TKc(967|1241)+	A0A4Z2DH76,A0A4Z2DH76_SCHJA,EWB00_001036,Serine/threonine-protein kinase D1
EWB00_001091	6182.A0A4Z2DGZ7	Phosphorylase b kinase gamma catalytic chain, skeletal muscle/heart isoform isoform 3; Belongs to the protein kinase superfamily.	https://smart.embl.de/smart/DDvec.cgi?smart=354:S_TKc(55|319)+TRANS(328|350)+	A0A4Z2DGZ7,A0A4Z2DGZ7_SCHJA,EWB00_001091
EWB00_001102	6182.A0A4Z2DGT3	Collagen alpha-1(IV) chain isoform 1.	https://smart.embl.de/smart/DDvec.cgi?smart=1762:SIGNAL(1|25)+Pfam_Collagen(98|170)+Pfam_Collagen(167|227)+Pfam_Collagen(252|312)+Pfam_Collagen(305|363)+Pfam_Collagen(612|670)+Pfam_Collagen(717|774)+Pfam_Collagen(766|827)+Pfam_Collagen(829|890)+Pfam_Collagen(922|990)+Pfam_Collagen(1070|1126)+Pfam_Collagen(1165|1226)+Pfam_Collagen(1414|1484)+C4(1530|1639)+C4(1640|1756)+	A0A4Z2DGT3,A0A4Z2DGT3_SCHJA,Collagen alpha-1(IV) chain isoform 1,EWB00_001102
EWB00_001225	6182.A0A4Z2DG63	Catenin alpha-2 isoform 2.	https://smart.embl.de/smart/DDvec.cgi?smart=952:Pfam_Vinculin(13|275)+Pfam_Vinculin(283|907)+	A0A4Z2DG63,A0A4Z2DG63_SCHJA,Catenin alpha-2 isoform 2,EWB00_001225
EWB00_001228	6182.A0A4Z2DGB2	Serine/threonine-protein kinase receptor; Belongs to the protein kinase superfamily. TKL Ser/Thr protein kinase family. TGFB receptor subfamily.	https://smart.embl.de/smart/DDvec.cgi?smart=595:Pfam_Pkinase(117|405)+	2.7.11.30,A0A4Z2DGB2,A0A4Z2DGB2_SCHJA,EWB00_001228,Serine/threonine-protein kinase receptor
EWB00_001311	6182.A0A4Z2DG67	Collagen alpha-2(I) chain.	https://smart.embl.de/smart/DDvec.cgi?smart=1551:LamG(4|144)+Pfam_Collagen(291|362)+Pfam_Collagen(1187|1249)+COLFI(1309|1551)+	A0A4Z2DG67,A0A4Z2DG67_SCHJA,Collagen alpha-2(I) chain,EWB00_001311
EWB00_001328	6182.A0A4Z2DG14	Laminin subunit alpha-1.	https://smart.embl.de/smart/DDvec.cgi?smart=3516:LamNT(67|340)+EGF_like(342|393)+EGF_Lam(396|463)+EGF_Lam(466|520)+EGF_like(523|572)+Pfam_Laminin_B(663|849)+Pfam_Laminin_EGF(846|880)+EGF_Lam(908|955)+EGF_Lam(958|1016)+EGF_Lam(1019|1063)+EGF_Lam(1066|1110)+EGF_Lam(1113|1162)+EGF_Lam(1165|1210)+EGF_Lam(1213|1264)+EGF_Lam(1267|1310)+EGF_Lam(1313|1359)+EGF_Lam(1362|1419)+EGF_Lam(1723|1768)+EGF_Lam(1771|1825)+EGF_Lam(1828|1872)+	A0A4Z2DG14,A0A4Z2DG14_SCHJA,EWB00_001328,Laminin subunit alpha-1
EWB00_001343	6182.A0A4Z2DFX9	Dual specificity mitogen-activated protein kinase kinase 2 isoform 1; Belongs to the protein kinase superfamily.	https://smart.embl.de/smart/DDvec.cgi?smart=393:Pfam_Pkinase_Tyr(51|292)+	A0A4Z2DFX9,A0A4Z2DFX9_SCHJA,EWB00_001343
EWB00_001391	6182.A0A4Z2DWQ9	Serine/threonine-protein kinase ULK3.	https://smart.embl.de/smart/DDvec.cgi?smart=682:S_TKc(7|262)+	A0A4Z2DWQ9,A0A4Z2DWQ9_SCHJA,EWB00_001391,Serine/threonine-protein kinase ULK3
EWB00_001408	6182.A0A4Z2DX44	Actin-related protein; Belongs to the actin family.	https://smart.embl.de/smart/DDvec.cgi?smart=417:ACTIN(2|415)+	A0A4Z2DX44,A0A4Z2DX44_SCHJA,Actin-related protein,EWB00_001408
EWB00_001471	6182.A0A4Z2DFS2	Tyrosine-protein kinase.	https://smart.embl.de/smart/DDvec.cgi?smart=859:PH(7|120)+BTK(122|158)+SH3(342|398)+SH2(403|557)+TyrKc(590|841)+	2.7.10.2,A0A4Z2DFS2,A0A4Z2DFS2_SCHJA,EWB00_001471,Tyrosine-protein kinase
EWB00_001594	6182.A0A4Z2DF50	Receptor protein serine/threonine kinase; Belongs to the protein kinase superfamily. TKL Ser/Thr protein kinase family. TGFB receptor subfamily.	https://smart.embl.de/smart/DDvec.cgi?smart=770:TRANS(133|155)+GS(276|305)+	2.7.11.30,A0A4Z2DF50,A0A4Z2DF50_SCHJA,EWB00_001594,Receptor protein serine/threonine kinase
EWB00_001618	6182.A0A4Z2DF74	Actin-like protein isoform 3; Belongs to the actin family.	https://smart.embl.de/smart/DDvec.cgi?smart=434:ACTIN(5|409)+	A0A4Z2DF74,A0A4Z2DF74_SCHJA,Actin-like protein isoform 3,EWB00_001618
EWB00_001961	6182.A0A4Z2DEA2	AP2-associated protein kinase 1.	https://smart.embl.de/smart/DDvec.cgi?smart=657:Pfam_Pkinase_Tyr(45|308)+	A0A4Z2DEA2,A0A4Z2DEA2_SCHJA,AP2-associated protein kinase 1,EWB00_001961
EWB00_002103	6182.A0A4Z2DDE8	Fermitin family 1.	https://smart.embl.de/smart/DDvec.cgi?smart=852:PH(507|633)+	A0A4Z2DDE8,A0A4Z2DDE8_SCHJA,EWB00_002103,Fermitin family 1
EWB00_002182	6182.A0A4Z2DD10	Receptor-type tyrosine-protein phosphatase V.	https://smart.embl.de/smart/DDvec.cgi?smart=369:PTPc(63|364)+	A0A4Z2DD10,A0A4Z2DD10_SCHJA,EWB00_002182,Receptor-type tyrosine-protein phosphatase V
EWB00_002194	6182.A0A4Z2DDD6	Ribosomal protein S6 kinase.	https://smart.embl.de/smart/DDvec.cgi?smart=828:S_TKc(60|333)+S_TK_X(334|395)+S_TKc(488|745)+	2.7.11.1,A0A4Z2DDD6,A0A4Z2DDD6_SCHJA,EWB00_002194,Ribosomal protein S6 kinase
EWB00_002313	6182.A0A4Z2DC78	Netrin-B isoform 1.	https://smart.embl.de/smart/DDvec.cgi?smart=842:SIGNAL(1|19)+LamNT(79|327)+EGF_Lam(433|486)+TNFR(531|572)+Pfam_NTR(695|773)+	A0A4Z2DC78,A0A4Z2DC78_SCHJA,EWB00_002313,Netrin-B isoform 1
EWB00_002386	6182.A0A4Z2DCG1	Dual specificity mitogen-activated protein kinase kinase 1.	https://smart.embl.de/smart/DDvec.cgi?smart=546:S_TKc(192|485)+	A0A4Z2DCG1,A0A4Z2DCG1_SCHJA,EWB00_002386
EWB00_002413	6182.A0A4Z2DCK0	Serine/threonine-protein kinase 3.	https://smart.embl.de/smart/DDvec.cgi?smart=604:S_TKc(17|268)+Pfam_Mst1_SARAH(531|578)+	A0A4Z2DCK0,A0A4Z2DCK0_SCHJA,EWB00_002413,Serine/threonine-protein kinase 3
EWB00_002502	6182.Q71TT8	Actin-2 isoform 2.	https://smart.embl.de/smart/DDvec.cgi?smart=376:ACTIN(6|376)+	Actin,Actin-2,Actin-2 isoform 2,EWB00_002502,Q71TT8,Q71TT8_SCHJA
EWB00_002531	6182.A0A4Z2DBU6	LIM domain kinase 1.	https://smart.embl.de/smart/DDvec.cgi?smart=420:Pfam_Pkinase(62|238)+Pfam_Pkinase_Tyr(258|372)+	A0A4Z2DBU6,A0A4Z2DBU6_SCHJA,EWB00_002531,LIM domain kinase 1
EWB00_002741	6182.A0A4Z2DB14	Laminin subunit beta-2.	https://smart.embl.de/smart/DDvec.cgi?smart=1765:SIGNAL(1|18)+LamNT(29|268)+EGF_Lam(270|331)+EGF_Lam(334|394)+EGF_Lam(397|454)+EGF_Lam(457|505)+EGF_Lam(508|551)+EGF_Lam(715|760)+EGF_Lam(763|806)+EGF_Lam(809|854)+EGF_Lam(857|909)+EGF_Lam(912|961)+EGF_Lam(964|1013)+EGF_Lam(1016|1063)+EGF_Lam(1066|1110)+	A0A4Z2DB14,A0A4Z2DB14_SCHJA,EWB00_002741,Laminin subunit beta-2
EWB00_002775	6182.A0A4Z2DBA8	Filamin-A.	https://smart.embl.de/smart/DDvec.cgi?smart=2805:CH(39|141)+CH(166|262)+IG_FLMN(278|375)+IG_FLMN(378|477)+IG_FLMN(572|668)+IG_FLMN(669|758)+IG_FLMN(764|869)+IG_FLMN(976|1075)+IG_FLMN(1262|1354)+IG_FLMN(1360|1458)+IG_FLMN(1460|1554)+IG_FLMN(1556|1661)+IG_FLMN(1663|1782)+IG_FLMN(1784|1884)+IG_FLMN(1890|1984)+IG_FLMN(1985|2076)+IG_FLMN(2078|2162)+IG_FLMN(2166|2257)+IG_FLMN(2271|2355)+IG_FLMN(2359|2450)+IG_FLMN(2469|2577)+IG_FLMN(2580|2671)+IG_FLMN(2714|2805)+	A0A4Z2DBA8,A0A4Z2DBA8_SCHJA,EWB00_002775,Filamin-A
EWB00_002781	6182.A0A4Z2DBA4	Casein kinase I isoform alpha isoform 1; Belongs to the protein kinase superfamily.	https://smart.embl.de/smart/DDvec.cgi?smart=377:Pfam_Pkinase_Tyr(18|292)+	A0A4Z2DBA4,A0A4Z2DBA4_SCHJA,Casein kinase I isoform alpha isoform 1,EWB00_002781
EWB00_002797	6182.A0A4Z2DBK5	Serine/threonine-protein kinase SIK2.	https://smart.embl.de/smart/DDvec.cgi?smart=694:S_TKc(96|348)+	A0A4Z2DBK5,A0A4Z2DBK5_SCHJA,EWB00_002797,Serine/threonine-protein kinase SIK2
EWB00_002858	6182.A0A4Z2DAI3	Dual specificity mitogen-activated protein kinase kinase 1 isoform 3.	https://smart.embl.de/smart/DDvec.cgi?smart=475:Pfam_Pkinase(116|407)+	A0A4Z2DAI3,A0A4Z2DAI3_SCHJA,EWB00_002858
EWB00_002869	6182.A0A4Z2DAG8	Integrin beta.	https://smart.embl.de/smart/DDvec.cgi?smart=817:VWA(86|332)+EGF(518|555)+Pfam_EGF_2(563|596)+TRANS(746|768)+Integrin_b_cyt(769|815)+	A0A4Z2DAG8,A0A4Z2DAG8_SCHJA,EWB00_002869,Integrin beta
EWB00_002899	6182.A0A4Z2DX55	Fibroblast growth factor receptor 2 isoform 2.	https://smart.embl.de/smart/DDvec.cgi?smart=922:IG_like(27|105)+IG_like(139|241)+IG_like(315|408)+TRANS(424|446)+TyrKc(590|884)+	A0A4Z2DX55,A0A4Z2DX55_SCHJA,EWB00_002899,Fibroblast growth factor receptor 2 isoform 2
EWB00_002919	6182.A0A4Z2DWJ9	Integrin alpha-5; Belongs to the integrin alpha chain family.	https://smart.embl.de/smart/DDvec.cgi?smart=1239:SIGNAL(1|20)+Int_alpha(49|111)+Int_alpha(350|429)+Int_alpha(454|513)+Int_alpha(544|591)+Pfam_Integrin_alpha2(713|877)+Pfam_Integrin_alpha2(973|1209)+	A0A4Z2DWJ9,A0A4Z2DWJ9_SCHJA,EWB00_002919,Integrin alpha-5
EWB00_003002	6182.A0A4Z2DAI8	Cyclin-dependent kinase-like 1.	https://smart.embl.de/smart/DDvec.cgi?smart=666:S_TKc(79|366)+	A0A4Z2DAI8,A0A4Z2DAI8_SCHJA,Cyclin-dependent kinase-like 1,EWB00_003002
EWB00_003063	6182.A0A4Z2D9R8	Protein sevenless.	https://smart.embl.de/smart/DDvec.cgi?smart=1074:FN3(155|241)+TyrKc(349|666)+	A0A4Z2D9R8,A0A4Z2D9R8_SCHJA,EWB00_003063,Protein sevenless
EWB00_003065	6182.A0A4Z2D9U3	Calcium/calmodulin-dependent protein kinase type II delta chain isoform 3.	https://smart.embl.de/smart/DDvec.cgi?smart=507:S_TKc(13|271)+Pfam_DUF4440(359|475)+	A0A4Z2D9U3,A0A4Z2D9U3_SCHJA,EWB00_003065
EWB00_003107	6182.A0A4Z2D9H4	Netrin-A.	https://smart.embl.de/smart/DDvec.cgi?smart=836:SIGNAL(1|21)+LamNT(57|350)+EGF_Lam(352|422)+EGF_Lam(425|485)+EGF_Lam(488|536)+Pfam_NTR(583|707)+	A0A4Z2D9H4,A0A4Z2D9H4_SCHJA,EWB00_003107,Netrin-A
EWB00_003114	6182.A0A4Z2D9R6	Serine/threonine-protein kinase NIM1.	https://smart.embl.de/smart/DDvec.cgi?smart=559:S_TKc(178|429)+	A0A4Z2D9R6,A0A4Z2D9R6_SCHJA,EWB00_003114,Serine/threonine-protein kinase NIM1
EWB00_003146	6182.A0A4Z2D9E0	Talin-1.	https://smart.embl.de/smart/DDvec.cgi?smart=2782:B41(27|211)+IRS(206|300)+Pfam_Talin_middle(425|659)+Pfam_I_LWEQ(680|818)+Pfam_VBS(1935|2038)+Pfam_I_LWEQ(2628|2780)+	A0A4Z2D9E0,A0A4Z2D9E0_SCHJA,EWB00_003146,Talin-1
EWB00_003234	6182.A0A4Z2D940	Cyclin-dependent kinase 10 isoform 2.	https://smart.embl.de/smart/DDvec.cgi?smart=308:Pfam_Pkinase_Tyr(4|186)+	A0A4Z2D940,A0A4Z2D940_SCHJA,Cyclin-dependent kinase 10 isoform 2,EWB00_003234
EWB00_003272	6182.Q5DB60	Cyclin-dependent kinase 1 isoform 2; Belongs to the protein kinase superfamily.	https://smart.embl.de/smart/DDvec.cgi?smart=409:S_TKc(12|300)+	Cyclin-dependent kinase 1 isoform 2,EWB00_003272,Q5DB60,Q5DB60_SCHJA,SJCHGC05810 protein
EWB00_003359	6182.C1LMR7	Cofilin/actin-depolymerizing factor; Belongs to the actin-binding proteins ADF family.	https://smart.embl.de/smart/DDvec.cgi?smart=135:ADF(9|135)+	C1LMR7,C1LMR7_SCHJA,Cofilin/actin-depolymerizing factor,EWB00_003359,Putative Cofilin-1
EWB00_003429	6182.A0A4Z2DWH7	Paxillin isoform 1.	https://smart.embl.de/smart/DDvec.cgi?smart=459:LIM(224|275)+LIM(283|335)+LIM(343|394)+LIM(402|453)+	A0A4Z2DWH7,A0A4Z2DWH7_SCHJA,EWB00_003429,Paxillin isoform 1
EWB00_003470	6182.A0A4Z2D886	Serine/threonine-protein kinase Chk2 isoform 2.	https://smart.embl.de/smart/DDvec.cgi?smart=549:FHA(46|108)+S_TKc(152|419)+	A0A4Z2D886,A0A4Z2D886_SCHJA,EWB00_003470,Serine/threonine-protein kinase Chk2 isoform 2
EWB00_003565	6182.A0A4Z2D923	Vinculin.	https://smart.embl.de/smart/DDvec.cgi?smart=1151:Pfam_Vinculin(2|858)+Pfam_Vinculin(922|1142)+	A0A4Z2D923,A0A4Z2D923_SCHJA,EWB00_003565,Vinculin
EWB00_003590	6182.A0A4Z2D831	Four and a half LIM domains protein.	https://smart.embl.de/smart/DDvec.cgi?smart=567:LIM(212|261)+LIM(269|321)+LIM(329|382)+LIM(390|443)+LIM(451|502)+LIM(510|565)+	A0A4Z2D831,A0A4Z2D831_SCHJA,EWB00_003590,Four and a half LIM domains protein
EWB00_003639	6182.A0A4Z2D7T8	Integrin.	https://smart.embl.de/smart/DDvec.cgi?smart=1411:TRANS(16|38)+Int_alpha(474|532)+TRANS(1275|1297)+	A0A4Z2D7T8,A0A4Z2D7T8_SCHJA,EWB00_003639,Integrin
EWB00_003710	6182.A0A4Z2D7R1	Cyclin-G-associated kinase.	https://smart.embl.de/smart/DDvec.cgi?smart=740:Pfam_Pkinase_Tyr(36|311)+	A0A4Z2D7R1,A0A4Z2D7R1_SCHJA,Cyclin-G-associated kinase,EWB00_003710
EWB00_003747	6182.A0A4Z2DVH8	Tyrosine-protein kinase.	https://smart.embl.de/smart/DDvec.cgi?smart=1264:SH2(827|944)+TyrKc(969|1219)+	2.7.10.2,A0A4Z2DVH8,A0A4Z2DVH8_SCHJA,EWB00_003747,Tyrosine-protein kinase
EWB00_003876	6182.A0A4Z2D736	Myosin light chain kinase, smooth muscle isoform 1.	https://smart.embl.de/smart/DDvec.cgi?smart=687:S_TKc(40|294)+	A0A4Z2D736,A0A4Z2D736_SCHJA,EWB00_003876
EWB00_003952	6182.A0A4Z2DWE0	LIM homeobox transcription factor 1-beta.	https://smart.embl.de/smart/DDvec.cgi?smart=566:LIM(8|59)+LIM(132|179)+HOX(307|369)+	A0A4Z2DWE0,A0A4Z2DWE0_SCHJA,EWB00_003952,LIM homeobox transcription factor 1-beta
EWB00_004032	6182.A0A4Z2D6K4	Protein kinase C; Belongs to the protein kinase superfamily. AGC Ser/Thr protein kinase family. PKC subfamily.	https://smart.embl.de/smart/DDvec.cgi?smart=971:C2(7|115)+C1(173|222)+C1(246|295)+S_TKc(489|749)+S_TK_X(750|814)+	2.7.11.13,A0A4Z2D6K4,A0A4Z2D6K4_SCHJA,EWB00_004032,Protein kinase C
EWB00_004095	6182.Q6PMM5	Mitogen-activated protein kinase; Belongs to the protein kinase superfamily. Ser/Thr protein kinase family. MAP kinase subfamily.	https://smart.embl.de/smart/DDvec.cgi?smart=351:S_TKc(17|306)+	2.7.11.24,EWB00_004095,Mitogen-activated protein kinase,Q6PMM5,Q6PMM5_SCHJA
EWB00_004122	6182.A0A4Z2D6I6	LIM domain-containing protein isoform 1.	https://smart.embl.de/smart/DDvec.cgi?smart=354:LIM(34|87)+LIM(95|146)+LIM(159|210)+LIM(218|269)+LIM(277|329)+	A0A4Z2D6I6,A0A4Z2D6I6_SCHJA,EWB00_004122,LIM domain-containing protein isoform 1
EWB00_004137	6182.A0A4Z2D773	Spectrin beta chain, non-erythrocytic 1.	https://smart.embl.de/smart/DDvec.cgi?smart=2450:CH(58|158)+CH(183|281)+SPEC(433|533)+SPEC(539|646)+SPEC(652|752)+SPEC(758|886)+SPEC(892|1021)+SPEC(1027|1146)+SPEC(1152|1253)+SPEC(1259|1359)+SPEC(1365|1464)+SPEC(1712|1828)+SPEC(1834|1935)+SPEC(1941|2046)+SPEC(2052|2168)+SPEC(2174|2280)+	A0A4Z2D773,A0A4Z2D773_SCHJA,EWB00_004137,Spectrin beta chain, non-erythrocytic 1
EWB00_004179	6182.C1LFA8	Dual specificity protein kinase CLK2.	https://smart.embl.de/smart/DDvec.cgi?smart=538:S_TKc(217|533)+	2.7.12.1,C1LFA8,C1LFA8_SCHJA,Dual specificity protein kinase CLK2,EWB00_004179
EWB00_004196	6182.A0A4Z2DUY0	cAMP-dependent protein kinase catalytic subunit alpha isoform 5; Belongs to the protein kinase superfamily.	https://smart.embl.de/smart/DDvec.cgi?smart=315:S_TKc(43|297)+	A0A4Z2DUY0,A0A4Z2DUY0_SCHJA,EWB00_004196
EWB00_004243	6182.A0A4Z2D5G0	SH3 domain-containing kinase-binding protein isoform 1.	https://smart.embl.de/smart/DDvec.cgi?smart=717:SH3(1|56)+SH3(159|218)+	A0A4Z2D5G0,A0A4Z2D5G0_SCHJA,EWB00_004243
EWB00_004325	6182.A0A4Z2D5X8	Serine/threonine-protein kinase Nek10 isoform 3.	https://smart.embl.de/smart/DDvec.cgi?smart=1021:Pfam_V-SNARE_C(164|226)+Pfam_Pkinase_Tyr(533|802)+	A0A4Z2D5X8,A0A4Z2D5X8_SCHJA,EWB00_004325,Serine/threonine-protein kinase Nek10 isoform 3
EWB00_004368	6182.A0A4Z2D605	Glycogen synthase kinase-3 alpha; Belongs to the protein kinase superfamily.	https://smart.embl.de/smart/DDvec.cgi?smart=356:S_TKc(27|311)+TRANS(333|355)+	A0A4Z2D605,A0A4Z2D605_SCHJA,EWB00_004368,Glycogen synthase kinase-3 alpha
EWB00_004405	6182.A0A4Z2D5F1	Calcium/calmodulin-dependent protein kinase type IV.	https://smart.embl.de/smart/DDvec.cgi?smart=320:Pfam_Pkinase_Tyr(4|212)+	A0A4Z2D5F1,A0A4Z2D5F1_SCHJA,EWB00_004405
EWB00_004406	6182.A0A4Z2D5D6	Tyrosine-protein kinase.	https://smart.embl.de/smart/DDvec.cgi?smart=557:SH3(32|89)+SH2(94|187)+TyrKc(221|472)+	2.7.10.2,A0A4Z2D5D6,A0A4Z2D5D6_SCHJA,EWB00_004406,Tyrosine-protein kinase
EWB00_004506	6182.A0A4Z2D514	Mitogen-activated protein kinase; Belongs to the protein kinase superfamily. Ser/Thr protein kinase family. MAP kinase subfamily.	https://smart.embl.de/smart/DDvec.cgi?smart=912:S_TKc(13|306)+	2.7.11.24,A0A4Z2D514,A0A4Z2D514_SCHJA,EWB00_004506,Mitogen-activated protein kinase
EWB00_004650	6182.A0A4Z2D5A9	Non-specific serine/threonine protein kinase.	https://smart.embl.de/smart/DDvec.cgi?smart=823:HDc(31|149)+S_TKc(191|443)+Pfam_AdenylateSensor(647|739)+	2.7.11.1,A0A4Z2D5A9,A0A4Z2D5A9_SCHJA,EWB00_004650,Non-specific serine/threonine protein kinase
EWB00_004811	6182.A0A4Z2DUN6	Aurora kinase B-B; Belongs to the protein kinase superfamily.	https://smart.embl.de/smart/DDvec.cgi?smart=282:S_TKc(13|263)+	A0A4Z2DUN6,A0A4Z2DUN6_SCHJA,Aurora kinase B-B,EWB00_004811
EWB00_004872	6182.A0A4Z2DUW3	Fibronectin type 3 and ankyrin repeat-containing 1 protein.	https://smart.embl.de/smart/DDvec.cgi?smart=351:FN3(13|99)+ANK(148|177)+ANK(181|210)+ANK(214|243)+ANK(248|280)+ANK(284|313)+	A0A4Z2DUW3,A0A4Z2DUW3_SCHJA,EWB00_004872
EWB00_004876	6182.A0A4Z2DUG9	Actin-1.	https://smart.embl.de/smart/DDvec.cgi?smart=376:ACTIN(6|376)+	A0A4Z2DUG9,A0A4Z2DUG9_SCHJA,Actin-1,EWB00_004876
EWB00_004878	6182.A0A4Z2DUX1	Actin-1.	https://smart.embl.de/smart/DDvec.cgi?smart=373:ACTIN(3|373)+	A0A4Z2DUX1,A0A4Z2DUX1_SCHJA,Actin-1,EWB00_004878
EWB00_004965	6182.A0A4Z2D4A5	LIM domain-containing protein isoform 1.	https://smart.embl.de/smart/DDvec.cgi?smart=586:LIM(71|124)+LIM(136|188)+LIM(196|268)+	A0A4Z2D4A5,A0A4Z2D4A5_SCHJA,EWB00_004965,LIM domain-containing protein isoform 1
EWB00_005112	6182.C1LH53	Dual specificity mitogen-activated protein kinase kinase 6.	https://smart.embl.de/smart/DDvec.cgi?smart=328:Pfam_Pkinase_Tyr(44|300)+	2.7.12.2,C1LH53,C1LH53_SCHJA,EWB00_005112
EWB00_005116	6182.A0A4Z2D2T5	Serine/threonine-protein kinase PLK4.	https://smart.embl.de/smart/DDvec.cgi?smart=683:Pfam_Pkinase_Tyr(2|219)+	A0A4Z2D2T5,A0A4Z2D2T5_SCHJA,EWB00_005116,Serine/threonine-protein kinase PLK4
EWB00_005166	6182.A0A4Z2D2Y7	Non-specific serine/threonine protein kinase.	https://smart.embl.de/smart/DDvec.cgi?smart=643:S_TKc(28|273)+S_TK_X(276|337)+	2.7.11.1,A0A4Z2D2Y7,A0A4Z2D2Y7_SCHJA,EWB00_005166,Non-specific serine/threonine protein kinase
EWB00_005385	6182.A0A4Z2D1Q0	Non-specific serine/threonine protein kinase.	https://smart.embl.de/smart/DDvec.cgi?smart=544:S_TKc(145|436)+S_TK_X(437|497)+	2.7.11.1,A0A4Z2D1Q0,A0A4Z2D1Q0_SCHJA,EWB00_005385,Non-specific serine/threonine protein kinase
EWB00_005467	6182.A0A4Z2DU85	Protein kinase C; Belongs to the protein kinase superfamily. AGC Ser/Thr protein kinase family. PKC subfamily.	https://smart.embl.de/smart/DDvec.cgi?smart=675:PB1(8|89)+C1(125|174)+S_TKc(333|601)+S_TK_X(602|665)+	2.7.11.13,A0A4Z2DU85,A0A4Z2DU85_SCHJA,EWB00_005467,Protein kinase C
EWB00_005528	6182.A0A4Z2D2F1	Collagen alpha-1(XXIV) chain.	https://smart.embl.de/smart/DDvec.cgi?smart=407:TRANS(167|189)+Pfam_Collagen(312|373)+	A0A4Z2D2F1,A0A4Z2D2F1_SCHJA,Collagen alpha-1(XXIV) chain,EWB00_005528
EWB00_005624	6182.A0A4Z2DU38	Cyclin-dependent kinase 8 isoform 2.	https://smart.embl.de/smart/DDvec.cgi?smart=569:S_TKc(22|337)+	A0A4Z2DU38,A0A4Z2DU38_SCHJA,Cyclin-dependent kinase 8 isoform 2,EWB00_005624
EWB00_005803	6182.A0A4Z2D0N4	Nephrocystin-1.	https://smart.embl.de/smart/DDvec.cgi?smart=171:SH3(41|96)+	A0A4Z2D0N4,A0A4Z2D0N4_SCHJA,EWB00_005803,Nephrocystin-1
EWB00_005849	6182.A0A4Z2D0D0	Tyrosine-protein kinase.	https://smart.embl.de/smart/DDvec.cgi?smart=515:SH3(15|72)+SH2(81|202)+Pfam_Pkinase_Tyr(234|399)+Pfam_Pkinase_Tyr(442|514)+	2.7.10.2,A0A4Z2D0D0,A0A4Z2D0D0_SCHJA,EWB00_005849,Tyrosine-protein kinase
EWB00_005902	6182.A0A4Z2D084	Huntington interacting protein related 1 isoform 1.	https://smart.embl.de/smart/DDvec.cgi?smart=1120:Pfam_ANTH(22|291)+Pfam_I_LWEQ(953|1092)+	A0A4Z2D084,A0A4Z2D084_SCHJA,EWB00_005902
EWB00_005910	6182.A0A4Z2D044	Growth factor receptor-bound protein.	https://smart.embl.de/smart/DDvec.cgi?smart=216:SH3(128|191)+	A0A4Z2D044,A0A4Z2D044_SCHJA,EWB00_005910,Growth factor receptor-bound protein
EWB00_006002	6182.A0A4Z2DTC9	Actin-related protein; Belongs to the actin family.	https://smart.embl.de/smart/DDvec.cgi?smart=336:Pfam_Actin(9|303)+	A0A4Z2DTC9,A0A4Z2DTC9_SCHJA,Actin-related protein,EWB00_006002
EWB00_006050	6182.A0A4Z2DTJ0	Alpha-actinin-2.	https://smart.embl.de/smart/DDvec.cgi?smart=899:CH(38|138)+CH(151|250)+Pfam_Spectrin(279|389)+SPEC(402|503)+SPEC(517|625)+EFh(756|784)+EFh(797|825)+efhand_Ca_insen(828|895)+	A0A4Z2DTJ0,A0A4Z2DTJ0_SCHJA,Alpha-actinin-2,EWB00_006050
EWB00_006126	6182.A0A4Z2CZR2	Laminin subunit gamma-1.	https://smart.embl.de/smart/DDvec.cgi?smart=1562:SIGNAL(1|20)+LamNT(37|276)+EGF_like(278|337)+EGF_Lam(340|394)+EGF_Lam(397|443)+EGF_Lam(446|496)+EGF_like(573|632)+EGF_Lam(635|683)+EGF_Lam(686|737)+EGF_Lam(740|801)+EGF_Lam(804|857)+EGF_Lam(860|906)+EGF_Lam(909|952)+	A0A4Z2CZR2,A0A4Z2CZR2_SCHJA,EWB00_006126,Laminin subunit gamma-1
EWB00_006165	6182.A0A4Z2CZH4	Cyclin-dependent kinase 20; Belongs to the protein kinase superfamily.	https://smart.embl.de/smart/DDvec.cgi?smart=360:S_TKc(4|288)+	A0A4Z2CZH4,A0A4Z2CZH4_SCHJA,Cyclin-dependent kinase 20,EWB00_006165
EWB00_006175	6182.A0A4Z2CZK0	Serine/threonine-protein kinase pim-1.	https://smart.embl.de/smart/DDvec.cgi?smart=705:S_TKc(43|295)+	A0A4Z2CZK0,A0A4Z2CZK0_SCHJA,EWB00_006175,Serine/threonine-protein kinase pim-1
EWB00_006199	6182.A0A4Z2D0J4	Collagen alpha-1(IV) chain.	https://smart.embl.de/smart/DDvec.cgi?smart=1769:TRANS(13|35)+Pfam_Collagen(110|175)+Pfam_Collagen(181|239)+Pfam_Collagen(266|329)+Pfam_Collagen(430|491)+Pfam_Collagen(563|620)+Pfam_Collagen(627|691)+Pfam_Collagen(733|791)+Pfam_Collagen(862|920)+Pfam_Collagen(926|983)+Pfam_Collagen(1018|1073)+Pfam_Collagen(1073|1124)+Pfam_Collagen(1211|1283)+Pfam_Collagen(1347|1407)+C4(1534|1642)+C4(1643|1759)+	A0A4Z2D0J4,A0A4Z2D0J4_SCHJA,Collagen alpha-1(IV) chain,EWB00_006199
EWB00_006200	6182.A0A4Z2CZM0	Collagen alpha-2(IV) chain isoform 2.	https://smart.embl.de/smart/DDvec.cgi?smart=1777:Pfam_Collagen(52|122)+Pfam_Collagen(171|233)+Pfam_Collagen(270|327)+Pfam_Collagen(381|440)+Pfam_Collagen(628|690)+Pfam_Collagen(877|940)+Pfam_Collagen(938|997)+Pfam_Collagen(1025|1086)+Pfam_Collagen(1083|1143)+Pfam_Collagen(1179|1242)+Pfam_Collagen(1363|1420)+Pfam_Collagen(1454|1503)+Pfam_C4(1550|1657)+Pfam_C4(1660|1774)+	A0A4Z2CZM0,A0A4Z2CZM0_SCHJA,Collagen alpha-2(IV) chain isoform 2,EWB00_006200
EWB00_006201	6182.A0A4Z2CZR4	Collagen-like protein.	https://smart.embl.de/smart/DDvec.cgi?smart=1658:Pfam_Collagen(124|183)+Pfam_Collagen(210|271)+Pfam_Collagen(262|324)+Pfam_Collagen(328|381)+Pfam_Collagen(418|470)+Pfam_Collagen(508|571)+Pfam_Collagen(575|640)+Pfam_Collagen(684|744)+Pfam_Collagen(788|841)+Pfam_Collagen(883|943)+Pfam_Collagen(934|994)+Pfam_Collagen(1034|1085)+Pfam_Collagen(1174|1233)+Pfam_Collagen(1231|1298)+Pfam_C4(1494|1600)+Pfam_C4(1603|1653)+	A0A4Z2CZR4,A0A4Z2CZR4_SCHJA,Collagen-like protein,EWB00_006201
EWB00_006209	6182.A0A4Z2CZP0	Integrin isoform 1; Belongs to the integrin alpha chain family.	https://smart.embl.de/smart/DDvec.cgi?smart=1409:Int_alpha(286|354)+Int_alpha(358|428)+Int_alpha(434|487)+Pfam_Integrin_alpha2(854|1115)+TRANS(1220|1242)+	A0A4Z2CZP0,A0A4Z2CZP0_SCHJA,EWB00_006209,Integrin isoform 1
EWB00_006234	6182.A0A4Z2CZ44	Filamin-A isoform 2.	https://smart.embl.de/smart/DDvec.cgi?smart=2492:CH(35|137)+CH(158|254)+IG_FLMN(270|367)+IG_FLMN(370|467)+IG_FLMN(503|598)+IG_FLMN(599|689)+IG_FLMN(694|790)+IG_FLMN(792|886)+IG_FLMN(888|984)+IG_FLMN(1011|1102)+IG_FLMN(1108|1206)+IG_FLMN(1208|1299)+IG_FLMN(1301|1398)+IG_FLMN(1400|1498)+IG_FLMN(1500|1593)+IG_FLMN(1604|1700)+IG_FLMN(1701|1792)+IG_FLMN(1796|1878)+IG_FLMN(1882|1973)+IG_FLMN(1985|2071)+IG_FLMN(2075|2166)+IG_FLMN(2180|2267)+IG_FLMN(2268|2359)+IG_FLMN(2392|2480)+	A0A4Z2CZ44,A0A4Z2CZ44_SCHJA,EWB00_006234,Filamin-A isoform 2
EWB00_006315	6182.A0A4Z2CYT8	Serine/threonine-protein kinase PRP4.	https://smart.embl.de/smart/DDvec.cgi?smart=628:Pfam_Pkinase_Tyr(299|521)+	A0A4Z2CYT8,A0A4Z2CYT8_SCHJA,EWB00_006315,Serine/threonine-protein kinase PRP4
EWB00_006350	6182.A0A4Z2CZ14	Mitogen-activated protein kinase; Belongs to the protein kinase superfamily. Ser/Thr protein kinase family. MAP kinase subfamily.	https://smart.embl.de/smart/DDvec.cgi?smart=664:S_TKc(26|330)+	2.7.11.24,A0A4Z2CZ14,A0A4Z2CZ14_SCHJA,EWB00_006350,Mitogen-activated protein kinase
EWB00_006505	6182.A0A4Z2CYG9	Talin-2 isoform 1.	https://smart.embl.de/smart/DDvec.cgi?smart=3244:B41(109|340)+IRS(335|429)+Pfam_Talin_middle(543|744)+Pfam_I_LWEQ(3067|3239)+	A0A4Z2CYG9,A0A4Z2CYG9_SCHJA,EWB00_006505,Talin-2 isoform 1
EWB00_006602	6182.A0A4Z2CXP2	Cyclin-dependent kinase 7; Belongs to the protein kinase superfamily.	https://smart.embl.de/smart/DDvec.cgi?smart=399:S_TKc(14|299)+	A0A4Z2CXP2,A0A4Z2CXP2_SCHJA,Cyclin-dependent kinase 7,EWB00_006602
EWB00_006607	6182.A0A4Z2CXQ1	Tripartite motif-containing 3.	https://smart.embl.de/smart/DDvec.cgi?smart=389:IG_FLMN(215|342)+	A0A4Z2CXQ1,A0A4Z2CXQ1_SCHJA,EWB00_006607,Tripartite motif-containing 3
EWB00_006747	6182.A0A4Z2CWY6	B41 domain-containing protein.	https://smart.embl.de/smart/DDvec.cgi?smart=1189:B41(105|992)+	A0A4Z2CWY6,A0A4Z2CWY6_SCHJA,B41 domain-containing protein,EWB00_006747
EWB00_006779	6182.A0A4Z2CX29	Tripartite motif-containing protein.	https://smart.embl.de/smart/DDvec.cgi?smart=737:RING(28|74)+IG_FLMN(415|514)+	A0A4Z2CX29,A0A4Z2CX29_SCHJA,EWB00_006779,Tripartite motif-containing protein
EWB00_007031	6182.A0A4Z2CW39	Germinal center kinase 3.	https://smart.embl.de/smart/DDvec.cgi?smart=334:Pfam_Pkinase_Tyr(204|314)+	A0A4Z2CW39,A0A4Z2CW39_SCHJA,EWB00_007031,Germinal center kinase 3
EWB00_007161	6182.A0A4Z2CVK4	MAP kinase-activated protein kinase 2 isoform 1; Belongs to the protein kinase superfamily.	https://smart.embl.de/smart/DDvec.cgi?smart=357:S_TKc(19|280)+	A0A4Z2CVK4,A0A4Z2CVK4_SCHJA,EWB00_007161,MAP kinase-activated protein kinase 2 isoform 1
EWB00_007221	6182.A0A4Z2CVB7	Tyrosine-protein kinase RYK.	https://smart.embl.de/smart/DDvec.cgi?smart=631:TRANS(7|29)+Pfam_Pkinase(382|620)+	A0A4Z2CVB7,A0A4Z2CVB7_SCHJA,EWB00_007221,Tyrosine-protein kinase RYK
EWB00_007274	6182.C1LH03	Drebrin-like protein.	https://smart.embl.de/smart/DDvec.cgi?smart=509:Pfam_Cofilin_ADF(12|126)+SH3(453|509)+	C1LH03,C1LH03_SCHJA,Drebrin-like protein,EWB00_007274,Protein app1
EWB00_007322	6182.A0A4Z2CUR2	Focal adhesion kinase 1; Belongs to the protein kinase superfamily. Tyr protein kinase family.	https://smart.embl.de/smart/DDvec.cgi?smart=882:TyrKc(383|639)+	A0A4Z2CUR2,A0A4Z2CUR2_SCHJA,EWB00_007322,Focal adhesion kinase 1
EWB00_007395	6182.A0A4Z2CUS5	Collagen alpha-2(V) chain isoform 1.	https://smart.embl.de/smart/DDvec.cgi?smart=1327:TRANS(19|38)+Pfam_Collagen(89|150)+Pfam_Collagen(192|258)+Pfam_Collagen(255|315)+Pfam_Collagen(309|373)+Pfam_Collagen(624|695)+Pfam_Collagen(731|808)+COLFI(1106|1327)+	A0A4Z2CUS5,A0A4Z2CUS5_SCHJA,Collagen alpha-2(V) chain isoform 1,EWB00_007395
EWB00_007426	6182.C1LJL2	Actin-related protein isoform 1; Belongs to the actin family.	https://smart.embl.de/smart/DDvec.cgi?smart=421:ACTIN(5|416)+	Actin-like protein 3,Actin-related protein isoform 1,C1LJL2,C1LJL2_SCHJA,EWB00_007426
EWB00_007519	6182.Q5D9F6	Mitogen-activated protein kinase.	https://smart.embl.de/smart/DDvec.cgi?smart=381:S_TKc(31|327)+	2.7.11.24,EWB00_007519,Mitogen-activated protein kinase,Q5D9F6,Q5D9F6_SCHJA
EWB00_007520	6182.A0A4Z2CUE7	Tyrosine-protein kinase.	https://smart.embl.de/smart/DDvec.cgi?smart=867:SH3(328|383)+SH2(388|479)+TyrKc(513|764)+	2.7.10.2,A0A4Z2CUE7,A0A4Z2CUE7_SCHJA,EWB00_007520,Tyrosine-protein kinase
EWB00_007640	6182.A0A4Z2CTJ3	Mitogen-activated protein kinase kinase kinase 9.	https://smart.embl.de/smart/DDvec.cgi?smart=702:SH3(35|97)+Pfam_Pkinase_Tyr(169|412)+Pfam_PBD(499|553)+	A0A4Z2CTJ3,A0A4Z2CTJ3_SCHJA,EWB00_007640,Mitogen-activated protein kinase kinase kinase 9
EWB00_007650	6182.A0A4Z2CTZ5	Serine/threonine-protein kinase 25 isoform 1.	https://smart.embl.de/smart/DDvec.cgi?smart=632:S_TKc(19|269)+	A0A4Z2CTZ5,A0A4Z2CTZ5_SCHJA,EWB00_007650,Serine/threonine-protein kinase 25 isoform 1
EWB00_007721	6182.A0A4Z2DSU2	cAMP-dependent protein kinase catalytic subunit isoform 4; Belongs to the protein kinase superfamily.	https://smart.embl.de/smart/DDvec.cgi?smart=367:S_TKc(60|314)+S_TK_X(315|367)+	A0A4Z2DSU2,A0A4Z2DSU2_SCHJA,EWB00_007721
EWB00_007739	6182.A0A4Z2CT39	Twinfilin-1 isoform 1.	https://smart.embl.de/smart/DDvec.cgi?smart=384:ADF(43|182)+ADF(225|358)+	A0A4Z2CT39,A0A4Z2CT39_SCHJA,EWB00_007739,Twinfilin-1 isoform 1
EWB00_007959	6182.A0A4Z2CS38	Mitogen-activated protein kinase; Belongs to the protein kinase superfamily. Ser/Thr protein kinase family. MAP kinase subfamily.	https://smart.embl.de/smart/DDvec.cgi?smart=542:S_TKc(77|366)+	2.7.11.24,A0A4Z2CS38,A0A4Z2CS38_SCHJA,EWB00_007959,Mitogen-activated protein kinase
EWB00_007965	6182.A0A4Z2CSU9	Insulin receptor-related protein.	https://smart.embl.de/smart/DDvec.cgi?smart=861:FN3(1|260)+FN3(354|465)+TRANS(490|512)+TyrKc(551|848)+	A0A4Z2CSU9,A0A4Z2CSU9_SCHJA,EWB00_007965,Insulin receptor-related protein
EWB00_007978	6182.A0A4Z2CSH8	SHC-transforming protein isoform 1.	https://smart.embl.de/smart/DDvec.cgi?smart=460:PTB(21|183)+SH2(359|438)+	A0A4Z2CSH8,A0A4Z2CSH8_SCHJA,EWB00_007978,SHC-transforming protein isoform 1
EWB00_008035	6182.A0A4Z2CRV6	Serine/threonine-protein kinase Nek7; Belongs to the protein kinase superfamily.	https://smart.embl.de/smart/DDvec.cgi?smart=430:S_TKc(128|394)+	A0A4Z2CRV6,A0A4Z2CRV6_SCHJA,EWB00_008035,Serine/threonine-protein kinase Nek7
EWB00_008162	6182.A0A4Z2CR55	Ephrin type-B receptor 3; Belongs to the protein kinase superfamily. Tyr protein kinase family.	https://smart.embl.de/smart/DDvec.cgi?smart=548:TRANS(12|34)+TyrKc(114|373)+	A0A4Z2CR55,A0A4Z2CR55_SCHJA,EWB00_008162,Ephrin type-B receptor 3
EWB00_008189	6182.A0A4Z2CR88	Tyrosine-protein kinase.	https://smart.embl.de/smart/DDvec.cgi?smart=923:SH2(61|145)+ANK(210|239)+ANK(243|273)+ANK(278|310)+SH2(344|437)+TyrKc(573|826)+	2.7.10.2,A0A4Z2CR88,A0A4Z2CR88_SCHJA,EWB00_008189,Tyrosine-protein kinase
EWB00_008231	6182.A0A4Z2CRJ2	Serine/threonine-protein kinase PAK 2 isoform 1; Belongs to the protein kinase superfamily.	https://smart.embl.de/smart/DDvec.cgi?smart=465:Pfam_PBD(17|75)+S_TKc(188|441)+	A0A4Z2CRJ2,A0A4Z2CRJ2_SCHJA,EWB00_008231,Serine/threonine-protein kinase PAK 2 isoform 1
EWB00_008239	6182.A0A4Z2CQY2	Collagen alpha-2(I) chain isoform 1.	https://smart.embl.de/smart/DDvec.cgi?smart=1296:SIGNAL(1|23)+Pfam_Collagen(31|92)+Pfam_Collagen(570|630)+Pfam_Collagen(676|745)+Pfam_Collagen(774|840)+Pfam_Collagen(991|1053)+COLFI(1064|1281)+	A0A4Z2CQY2,A0A4Z2CQY2_SCHJA,Collagen alpha-2(I) chain isoform 1,EWB00_008239
EWB00_008286	6182.A0A4Z2CQZ5	Serine/threonine-protein kinase OSR1 isoform 2.	https://smart.embl.de/smart/DDvec.cgi?smart=623:S_TKc(26|305)+Pfam_OSR1_C(518|579)+	A0A4Z2CQZ5,A0A4Z2CQZ5_SCHJA,EWB00_008286,Serine/threonine-protein kinase OSR1 isoform 2
EWB00_008372	6182.A0A4Z2CQJ6	Serine/threonine-protein kinase PLK1 isoform 2.	https://smart.embl.de/smart/DDvec.cgi?smart=499:Pfam_Pkinase_Tyr(1|147)+Pfam_POLO_box(264|325)+Pfam_POLO_box(362|429)+	A0A4Z2CQJ6,A0A4Z2CQJ6_SCHJA,EWB00_008372,Serine/threonine-protein kinase PLK1 isoform 2
EWB00_008411	6182.A0A4Z2CQ40	Serine/threonine-protein kinase PAK mbt isoform 1.	https://smart.embl.de/smart/DDvec.cgi?smart=817:S_TKc(546|797)+	A0A4Z2CQ40,A0A4Z2CQ40_SCHJA,EWB00_008411
EWB00_008528	6182.A0A4Z2CPM6	Tyrosine-protein phosphatase non-receptor type 1.	https://smart.embl.de/smart/DDvec.cgi?smart=628:PTPc(30|303)+TRANS(605|627)+	A0A4Z2CPM6,A0A4Z2CPM6_SCHJA,EWB00_008528,Tyrosine-protein phosphatase non-receptor type 1
EWB00_008648	6182.A0A4Z2CP90	Serine/threonine-protein kinase Nek1.	https://smart.embl.de/smart/DDvec.cgi?smart=714:S_TKc(7|261)+	A0A4Z2CP90,A0A4Z2CP90_SCHJA,EWB00_008648,Serine/threonine-protein kinase Nek1
EWB00_008683	6182.A0A4Z2CNZ1	Mitogen-activated protein kinase; Belongs to the protein kinase superfamily. Ser/Thr protein kinase family. MAP kinase subfamily.	https://smart.embl.de/smart/DDvec.cgi?smart=384:S_TKc(20|308)+	2.7.11.24,A0A4Z2CNZ1,A0A4Z2CNZ1_SCHJA,EWB00_008683,Mitogen-activated protein kinase
EWB00_008724	6182.A0A4Z2DSJ8	Calcium/calmodulin-dependent protein kinase type 1 isoform 2; Belongs to the protein kinase superfamily.	https://smart.embl.de/smart/DDvec.cgi?smart=420:S_TKc(10|284)+	A0A4Z2DSJ8,A0A4Z2DSJ8_SCHJA,EWB00_008724
EWB00_008747	6182.C1LG63	Putative LIM domain binding 3.	https://smart.embl.de/smart/DDvec.cgi?smart=408:PDZ(14|87)+LIM(229|280)+LIM(288|339)+LIM(347|400)+	C1LG63,C1LG63_SCHJA,EWB00_008747,PDZ and LIM domain protein,Putative LIM domain binding 3
EWB00_008748	6182.A0A4Z2DTN7	Fibroblast growth factor receptor 2 isoform 2; Belongs to the protein kinase superfamily. Tyr protein kinase family.	https://smart.embl.de/smart/DDvec.cgi?smart=692:TRANS(12|31)+TRANS(178|200)+TyrKc(332|595)+	A0A4Z2DTN7,A0A4Z2DTN7_SCHJA,EWB00_008748,Fibroblast growth factor receptor 2 isoform 2
EWB00_008857	6182.A0A4Z2DY79	Alpha-centractin; Belongs to the actin family.	https://smart.embl.de/smart/DDvec.cgi?smart=352:ACTIN(9|349)+	A0A4Z2DY79,A0A4Z2DY79_SCHJA,Alpha-centractin,EWB00_008857
EWB00_008932	6182.A0A4Z2DSG0	Serine/threonine-protein kinase Nek4.	https://smart.embl.de/smart/DDvec.cgi?smart=759:S_TKc(13|267)+	A0A4Z2DSG0,A0A4Z2DSG0_SCHJA,EWB00_008932,Serine/threonine-protein kinase Nek4
EWB00_008934	6182.A0A4Z2DSI5	Serine/threonine-protein kinase B-raf.	https://smart.embl.de/smart/DDvec.cgi?smart=957:RBD(219|291)+C1(300|345)+Pfam_Pkinase_Tyr(513|768)+	A0A4Z2DSI5,A0A4Z2DSI5_SCHJA,EWB00_008934,Serine/threonine-protein kinase B-raf
EWB00_008993	6182.A0A4Z2CNG2	cAMP-dependent protein kinase catalytic subunit; Belongs to the protein kinase superfamily.	https://smart.embl.de/smart/DDvec.cgi?smart=345:S_TKc(36|292)+S_TK_X(293|345)+	A0A4Z2CNG2,A0A4Z2CNG2_SCHJA,EWB00_008993,cAMP-dependent protein kinase catalytic subunit
EWB00_009095	6182.A0A4Z2CND2	Tyrosine-protein kinase.	https://smart.embl.de/smart/DDvec.cgi?smart=805:SH3(301|381)+SH2(387|478)+TyrKc(507|788)+	2.7.10.2,A0A4Z2CND2,A0A4Z2CND2_SCHJA,EWB00_009095,Tyrosine-protein kinase
EWB00_009117	6182.A0A4Z2CN06	Ankyrin repeat family A protein.	https://smart.embl.de/smart/DDvec.cgi?smart=213:ANK(83|112)+ANK(116|145)+ANK(149|178)+	A0A4Z2CN06,A0A4Z2CN06_SCHJA,Ankyrin repeat family A protein,EWB00_009117
EWB00_009122	6182.A0A4Z2CN26	Mitogen-activated protein kinase.	https://smart.embl.de/smart/DDvec.cgi?smart=370:S_TKc(27|311)+	2.7.11.24,A0A4Z2CN26,A0A4Z2CN26_SCHJA,EWB00_009122,Mitogen-activated protein kinase
EWB00_009161	6182.C1L3T0	Actin; Belongs to the actin family.	https://smart.embl.de/smart/DDvec.cgi?smart=372:ACTIN(6|372)+	Actin,C1L3T0,C1L3T0_SCHJA,EWB00_009161
EWB00_009162	6182.A0A4Z2CMV9	Actin-1; Belongs to the actin family.	https://smart.embl.de/smart/DDvec.cgi?smart=380:ACTIN(9|380)+	A0A4Z2CMV9,A0A4Z2CMV9_SCHJA,Actin-1,EWB00_009162
EWB00_009224	6182.A0A4Z2CMJ2	Receptor-type tyrosine-protein phosphatase N2.	https://smart.embl.de/smart/DDvec.cgi?smart=560:TRANS(184|206)+PTPc(283|553)+	A0A4Z2CMJ2,A0A4Z2CMJ2_SCHJA,EWB00_009224,Receptor-type tyrosine-protein phosphatase N2
EWB00_009267	6182.A0A4Z2CML4	Actin, plasmodial isoform; Belongs to the actin family.	https://smart.embl.de/smart/DDvec.cgi?smart=251:ACTIN(2|251)+	A0A4Z2CML4,A0A4Z2CML4_SCHJA,Actin, plasmodial isoform,EWB00_009267
EWB00_009287	6182.A0A4Z2CN04	Casein kinase I isoform delta isoform 4.	https://smart.embl.de/smart/DDvec.cgi?smart=688:Pfam_Pkinase_Tyr(9|273)+	A0A4Z2CN04,A0A4Z2CN04_SCHJA,Casein kinase I isoform delta isoform 4,EWB00_009287
EWB00_009305	6182.A0A4Z2DS24	Actin-related protein; Belongs to the actin family.	https://smart.embl.de/smart/DDvec.cgi?smart=787:ACTIN(25|409)+	A0A4Z2DS24,A0A4Z2DS24_SCHJA,Actin-related protein,EWB00_009305
EWB00_009358	6182.A0A4Z2DRM5	Calcium-dependent protein kinase C isoform 2.	https://smart.embl.de/smart/DDvec.cgi?smart=526:C1(33|82)+C1(97|146)+C2(167|270)+Pfam_Pkinase_Tyr(333|520)+	A0A4Z2DRM5,A0A4Z2DRM5_SCHJA,Calcium-dependent protein kinase C isoform 2,EWB00_009358
EWB00_009435	6182.A0A4Z2CM43	Endophilin-A3.	https://smart.embl.de/smart/DDvec.cgi?smart=303:BAR(5|248)+SH3(246|301)+	A0A4Z2CM43,A0A4Z2CM43_SCHJA,EWB00_009435,Endophilin-A3
EWB00_009456	6182.A0A4Z2CM06	Dual specificity mitogen-activated protein kinase kinase 6 isoform 2.	https://smart.embl.de/smart/DDvec.cgi?smart=335:Pfam_Pkinase_Tyr(57|313)+	A0A4Z2CM06,A0A4Z2CM06_SCHJA,EWB00_009456
EWB00_009457	6182.A0A4Z2CLX5	Tyrosine-protein phosphatase corkscrew.	https://smart.embl.de/smart/DDvec.cgi?smart=160:SH2(42|126)+	A0A4Z2CLX5,A0A4Z2CLX5_SCHJA,EWB00_009457,Tyrosine-protein phosphatase corkscrew
EWB00_009479	6182.A0A4Z2DRN3	Serine/threonine-protein kinase MAK.	https://smart.embl.de/smart/DDvec.cgi?smart=765:Pfam_Pkinase_Tyr(4|187)+	A0A4Z2DRN3,A0A4Z2DRN3_SCHJA,EWB00_009479,Serine/threonine-protein kinase MAK
EWB00_009480	6182.C1L449	Cell division protein kinase 9-B; Belongs to the protein kinase superfamily.	https://smart.embl.de/smart/DDvec.cgi?smart=420:S_TKc(44|339)+	2.7.11.22,C1L449,C1L449_SCHJA,Cell division protein kinase 9-B,Cyclin-dependent kinase 9,EWB00_009480
EWB00_009541	6182.A0A4Z2DR60	LIM domain-containing protein.	https://smart.embl.de/smart/DDvec.cgi?smart=354:LIM(39|92)+LIM(100|151)+LIM(164|215)+LIM(223|274)+LIM(282|334)+	A0A4Z2DR60,A0A4Z2DR60_SCHJA,EWB00_009541,LIM domain-containing protein
EWB00_009560	6182.A0A4Z2CLW6	Lipoma-preferred partner.	https://smart.embl.de/smart/DDvec.cgi?smart=427:LIM(235|303)+LIM(311|363)+	A0A4Z2CLW6,A0A4Z2CLW6_SCHJA,EWB00_009560,Lipoma-preferred partner
EWB00_009605	6182.A0A4Z2DR61	Ankyrin-2 isoform 3.	https://smart.embl.de/smart/DDvec.cgi?smart=399:ANK(5|34)+ANK(39|67)+ANK(71|100)+ANK(104|133)+ANK(137|166)+ANK(225|254)+ANK(258|287)+	A0A4Z2DR61,A0A4Z2DR61_SCHJA,Ankyrin-2 isoform 3,EWB00_009605
EWB00_010024	6182.A0A4Z2CL49	Tyrosine-protein phosphatase non-receptor type 11 isoform 3.	https://smart.embl.de/smart/DDvec.cgi?smart=424:SH2(6|89)+SH2(112|196)+PTPc(238|423)+	A0A4Z2CL49,A0A4Z2CL49_SCHJA,EWB00_010024
EWB00_010219	6182.A0A4Z2DPU8	Cyclin-dependent kinase 9; Belongs to the protein kinase superfamily.	https://smart.embl.de/smart/DDvec.cgi?smart=424:S_TKc(40|336)+	A0A4Z2DPU8,A0A4Z2DPU8_SCHJA,Cyclin-dependent kinase 9,EWB00_010219
EWB00_010398	6182.A0A4Z2DXN3	Integrin-linked protein kinase pat-4.	https://smart.embl.de/smart/DDvec.cgi?smart=488:ANK(33|62)+ANK(66|96)+ANK(100|129)+Pfam_Pkinase_Tyr(196|479)+	A0A4Z2DXN3,A0A4Z2DXN3_SCHJA,EWB00_010398,Integrin-linked protein kinase pat-4
EWB00_010448	6182.A0A4Z2DXQ5	Collagen alpha-2(I) chain.	https://smart.embl.de/smart/DDvec.cgi?smart=311:Pfam_Collagen(29|87)+COLFI(139|302)+	A0A4Z2DXQ5,A0A4Z2DXQ5_SCHJA,Collagen alpha-2(I) chain,EWB00_010448
EWB00_010449	6182.A0A4Z2DXL3	Collagen alpha-1(XXI) chain.	https://smart.embl.de/smart/DDvec.cgi?smart=1103:VWC(7|67)+Pfam_Collagen(182|241)+Pfam_Collagen(279|342)+Pfam_Collagen(867|948)+Pfam_Collagen(1042|1103)+	A0A4Z2DXL3,A0A4Z2DXL3_SCHJA,Collagen alpha-1(XXI) chain,EWB00_010449
EWB00_010450	6182.A0A4Z2DXW2	Collagen-like protein isoform 2.	https://smart.embl.de/smart/DDvec.cgi?smart=1308:TRANS(7|24)+Pfam_Collagen(41|124)+Pfam_Collagen(599|658)+Pfam_Collagen(655|720)+Pfam_Collagen(1014|1076)+COLFI(1092|1291)+	A0A4Z2DXW2,A0A4Z2DXW2_SCHJA,Collagen-like protein isoform 2,EWB00_010450
EWB00_010643	6182.A0A4Z2DN24	Cytoplasmic protein isoform 1.	https://smart.embl.de/smart/DDvec.cgi?smart=689:SH3(7|62)+SH3(242|302)+SH3(397|455)+SH2(530|612)+	A0A4Z2DN24,A0A4Z2DN24_SCHJA,Cytoplasmic protein isoform 1,EWB00_010643
EWB00_010647	6182.Q5DHL6	Actin-related protein 2; ATP-binding component of the Arp2/3 complex, a multiprotein complex that mediates actin polymerization upon stimulation by nucleation-promoting factor (NPF). The Arp2/3 complex mediates the formation of branched actin networks in the cytoplasm, providing the force for cell motility. Seems to contact the pointed end of the daughter actin filament.	https://smart.embl.de/smart/DDvec.cgi?smart=396:ACTIN(8|394)+	Actin-related protein 2,EWB00_010647,Q5DHL6,Q5DHL6_SCHJA
EWB00_010649	6182.A0A4Z2DN32	Alpha-actinin.	https://smart.embl.de/smart/DDvec.cgi?smart=800:CH(31|131)+CH(144|243)+SPEC(275|381)+SPEC(395|496)+SPEC(510|617)+SPEC(631|730)+	A0A4Z2DN32,A0A4Z2DN32_SCHJA,Alpha-actinin,EWB00_010649
EWB00_010687	6182.A0A4Z2DNJ5	Tyrosine-protein kinase.	https://smart.embl.de/smart/DDvec.cgi?smart=1308:SH3(57|119)+SH2(166|249)+TyrKc(284|536)+Pfam_F_actin_bind(1127|1249)+	2.7.10.2,A0A4Z2DNJ5,A0A4Z2DNJ5_SCHJA,EWB00_010687,Tyrosine-protein kinase
EWB00_010727	6182.A0A4Z2DNH6	Spectrin beta chain isoform 2.	https://smart.embl.de/smart/DDvec.cgi?smart=1901:CH(55|155)+CH(174|272)+Pfam_Spectrin(301|411)+SPEC(424|524)+SPEC(530|639)+SPEC(645|745)+SPEC(751|851)+SPEC(857|957)+SPEC(963|1064)+SPEC(1070|1171)+SPEC(1177|1277)+SPEC(1283|1382)+SPEC(1388|1492)+SPEC(1498|1599)+SPEC(1605|1705)+SPEC(1711|1812)+	A0A4Z2DNH6,A0A4Z2DNH6_SCHJA,EWB00_010727,Spectrin beta chain isoform 2
EWB00_011039	6182.A0A4Z2DN82	Integrin alpha-7; Belongs to the integrin alpha chain family.	https://smart.embl.de/smart/DDvec.cgi?smart=1204:SIGNAL(1|22)+Int_alpha(45|95)+Int_alpha(231|307)+Int_alpha(311|370)+Int_alpha(399|453)+Int_alpha(462|525)+Pfam_Integrin_alpha2(677|1097)+TRANS(1179|1201)+	A0A4Z2DN82,A0A4Z2DN82_SCHJA,EWB00_011039,Integrin alpha-7
EWB00_011156	6182.A0A4Z2DLU7	Aurora kinase A.	https://smart.embl.de/smart/DDvec.cgi?smart=257:Pfam_Pkinase_Tyr(1|207)+	A0A4Z2DLU7,A0A4Z2DLU7_SCHJA,Aurora kinase A,EWB00_011156
EWB00_011263	6182.A0A4Z2DKT9	RAC serine/threonine-protein kinase.	https://smart.embl.de/smart/DDvec.cgi?smart=545:S_TKc(15|272)+S_TK_X(273|338)+Pfam_Glutaredoxin(433|508)+	A0A4Z2DKT9,A0A4Z2DKT9_SCHJA,EWB00_011263,RAC serine/threonine-protein kinase
EWB00_011320	6182.Q5DBY2	Serine/threonine-protein kinase 17A isoform 1; Belongs to the protein kinase superfamily.	https://smart.embl.de/smart/DDvec.cgi?smart=324:S_TKc(29|288)+	EWB00_011320,Q5DBY2,Q5DBY2_SCHJA,SJCHGC06342 protein,Serine/threonine-protein kinase 17A isoform 1
FHL-2	6182.C1LEH1	Four and a half LIM domains protein 2.	https://smart.embl.de/smart/DDvec.cgi?smart=285:LIM(47|100)+LIM(108|161)+LIM(169|220)+LIM(228|283)+	C1LEH1,C1LEH1_SCHJA,EWB00_009388,FHL-2,Four and a half LIM domains protein,Four and a half LIM domains protein 2
Grb2	6182.Q86F73	Growth factor receptor-bound protein isoform 1.	https://smart.embl.de/smart/DDvec.cgi?smart=234:SH3(1|57)+SH2(58|149)+SH3(175|231)+	Clone ZZD1053 mRNA sequence,EWB00_003848,Grb2,Growth factor receptor bound protein 2,Growth factor receptor-bound protein isoform 1,Q86F73,Q86F73_SCHJA
PR2	6182.C7TXQ4	Putative mitogen-activated protein kinase kinase kinase 7-like isoform 1.	https://smart.embl.de/smart/DDvec.cgi?smart=307:Pfam_Pkinase(23|276)+	2.7.10.1,C7TXQ4,C7TXQ4_SCHJA,EWB00_009781,Fak-like tyrosine kinase,PR2
TK3	6182.A0A2S1REI0	Tyrosine-protein kinase.	https://smart.embl.de/smart/DDvec.cgi?smart=647:SH3(158|215)+SH2(220|311)+TyrKc(346|596)+	2.7.10.2,A0A2S1REI0,A0A2S1REI0_SCHJA,EWB00_003104,TK3,Tyrosine-protein kinase
cdk5	6182.C1L6Q8	Cyclin-dependent-like kinase 5 isoform 2; Belongs to the protein kinase superfamily.	https://smart.embl.de/smart/DDvec.cgi?smart=296:S_TKc(9|292)+	2.7.11.22,C1L6Q8,C1L6Q8_SCHJA,Cyclin-dependent-like kinase 5 isoform 2,EWB00_004629,Neuronal cyclin-dependent kinase 5,cdk5
fyn-prov	6182.C1LGZ6	Tyrosine-protein kinase.	https://smart.embl.de/smart/DDvec.cgi?smart=565:SH3(115|172)+SH2(179|268)+TyrKc(297|551)+	2.7.10.2,C1LGZ6,C1LGZ6_SCHJA,EWB00_007873,Tyrosine-protein kinase,fyn-prov
tsr	6182.Q86ES4	Actin depolymerizing factor-like protein; Belongs to the actin-binding proteins ADF family.	https://smart.embl.de/smart/DDvec.cgi?smart=139:ADF(9|133)+	Actin depolymerizing factor-like protein,Cofilin,EWB00_008807,Q86ES4,Q86ES4_SCHJA,SJCHGC01677 protein,tsr
