annotation,lineage,matched_proteins,missing_explicit_ids
Talin-like integrin adaptor,OG0001448,0,
Talin-like integrin adaptor,Talin clade: MS3_00000278 / EWB00_006505 / Smp_167010,3,
Talin-like integrin adaptor,Talin clade: MS3_00001770 / EWB00_003146 / Smp_343540,2,
Talin-like (partial architecture),Talin clade: MS3_00001770 / EWB00_003146 / Smp_343540,1,
HIP1R-like protein,HIP1R-related lineage (OG0001835),3,
Kindlin-like integrin adaptor,Conserved shorter kindlin lineage,3,
Schistosoma-restricted kindlin-like protein,Longer parasite-specific kindlin lineage,3,
Canonical vinculin-like protein,Canonical vinculin clade,3,
Catenin-related vinculin-family protein,Catenin-related vinculin-family clade,3,
Canonical alpha-actinin-like protein,OG0000625,6,
Spectrin-related actin-linking protein,OG0000486,6,
Invertebrate spectrin-like protein,OG0006689,2,
Schistosoma-restricted spectrin-like protein,OG0000961,1,
Cofilin/ADF-like protein,OG0000643,7,
Twinfilin-like protein,OG0002257,3,
Drebrin-like protein,OG0002191,3,
GMF-like protein,OG0002291,2,
Filamin-like protein,OG0000767,0,
Filamin-like protein,Filamin clade: MS3_00005799 / EWB00_006234 / Smp_000100,3,
Filamin-like protein,Filamin clade: MS3_00007970 / EWB00_002775 / Smp_317420,3,
Two-LIM mammalian-LIM-related scaffold,OG0000983,3,
Four-LIM paxillin-related scaffold,OG0002006,3,
PDZ-LIM scaffold,OG0000730,3,
PET-LIM / LIMPETin-like scaffold,PET-containing OG0000150 clade,3,
Five-LIM scaffold (PET absent),PET-lacking OG0000150 clade,3,
PINCH-like scaffold,OG0002150,3,
Schistosoma-restricted PINCH-like scaffold,Parasite-specific PINCH lineage,3,
Ajuba-related LIM scaffold,OG0002012,3,
FAK-like kinase (complete architecture),FAK lineage (OG0002086),1,
FAK-like kinase (Focal-AT absent),FAK lineage (OG0002086),1,
FAK-like kinase (FERM absent),FAK lineage (OG0002086),1,
Canonical ILK-like protein,OG0003976,3,
GS-domain membrane kinase-like protein,OG0001365,3,
MAPK-activated protein kinase 2-like protein,OG0002154,3,
OSR1-like serine/threonine kinase,OG0002218,3,
ILK-screened kinase-related protein,OG0002878,3,
Src-like tyrosine kinase,OG0000213,10,
PH/BTK-containing Src-related kinase,OG0001055,3,
ABL2-related tyrosine kinase,OG0001364,3,
SH3-SH2-kinase lineage (OG0003193),OG0003193,3,
SH3-SH2-kinase lineage (OG0002474),OG0002474,3,
Nck-like signalling adaptor,Nck-like signalling adaptor,3,
Shc-like signalling adaptor,Shc-like signalling adaptor,3,
Grb2-like signalling adaptor,Conserved Grb2 lineage,3,
Schistosoma-restricted Grb2-like adaptor,Parasite-specific Grb2 lineage,2,
PTPN1-related phosphatase,OG0001988,3,
Receptor-PTP-related phosphatase,OG0002082,3,
Xenopus-linked PTP-related phosphatase,OG0010632,3,
PTP-related singleton,OG0007341,1,
Collagen IV-like protein,OG0000309,11,
Collagen V-like protein,OG0000784,6,
Collagen I alpha-2-like protein,OG0000283,7,
Collagen I alpha-1-like protein,Collagen I alpha-1-like protein,1,
Truncated collagen I-related protein,Truncated collagen I-related protein,1,
Schistosoma-restricted fibrillar collagen-like protein,OG0012988,3,
Short collagen-like fragment,OG0013520,3,
Laminin beta-like protein,OG0001608,3,
Laminin gamma-like protein,OG0001908,3,
Laminin alpha-like protein,OG0002087,3,
Netrin-like protein,OG0001017,6,
ROBO-like receptor,OG0007305,3,
UNC-89/obscurin/SPEG-like giant kinase,OG0007310,2,
UNC-89/obscurin/SPEG-like giant kinase,UNC-89/obscurin/SPEG-related lineage,1,
Eph/EphA4-like receptor kinase,OG0010555,2,
Eph/EphA4-like receptor kinase,Eph/EphA4-related lineage,1,
DCC/neogenin-family receptor,DCC/neogenin receptor lineages,9,
Type IIa RPTP-like receptor,OG0013755,3,
