sequence_id	species	length	candidate	family	source_groups
Caenorhabditis_elegans__WBGene00000018	Caenorhabditis_elegans	1224	0	Src	OG0001364
Caenorhabditis_elegans__WBGene00000812	Caenorhabditis_elegans	624	0	Src	OG0002474
Caenorhabditis_elegans__WBGene00001487	Caenorhabditis_elegans	390	0	Src	OG0001083
Caenorhabditis_elegans__WBGene00002198	Caenorhabditis_elegans	418	0	Src	OG0001083
Caenorhabditis_elegans__WBGene00003374	Caenorhabditis_elegans	1059	0	Src	OG0001389
Caenorhabditis_elegans__WBGene00005077	Caenorhabditis_elegans	537	0	Src	OG0000213
Caenorhabditis_elegans__WBGene00005078	Caenorhabditis_elegans	507	0	Src	OG0003193
Caenorhabditis_elegans__WBGene00020659	Caenorhabditis_elegans	514	0	Src	OG0001083
Caenorhabditis_elegans__WBGene00022780	Caenorhabditis_elegans	419	0	Src	OG0001083
Drosophila_melanogaster__GeneID_34132	Drosophila_melanogaster	786	0	Src	OG0001055
Drosophila_melanogaster__GeneID_35524	Drosophila_melanogaster	1606	0	Src	OG0003193
Drosophila_melanogaster__GeneID_41118	Drosophila_melanogaster	1325	0	Src	OG0001083
Drosophila_melanogaster__GeneID_41398	Drosophila_melanogaster	1052	0	Src	OG0002474
Drosophila_melanogaster__GeneID_44111	Drosophila_melanogaster	1155	0	Src	OG0001389
Drosophila_melanogaster__GeneID_45821	Drosophila_melanogaster	1723	0	Src	OG0001364
Drosophila_melanogaster__GeneID_48973	Drosophila_melanogaster	553	0	Src	OG0000213
Homo_sapiens__GeneID_1445	Homo_sapiens	450	0	Src	OG0002474
Homo_sapiens__GeneID_2241	Homo_sapiens	837	0	Src	OG0001083
Homo_sapiens__GeneID_2242	Homo_sapiens	822	0	Src	OG0001083
Homo_sapiens__GeneID_2268	Homo_sapiens	529	0	Src	OG0000213
Homo_sapiens__GeneID_2444	Homo_sapiens	505	0	Src	OG0003193
Homo_sapiens__GeneID_25	Homo_sapiens	1149	0	Src	OG0001364
Homo_sapiens__GeneID_2534	Homo_sapiens	537	0	Src	OG0000213
Homo_sapiens__GeneID_27	Homo_sapiens	1182	0	Src	OG0001364
Homo_sapiens__GeneID_3055	Homo_sapiens	526	0	Src	OG0000213
Homo_sapiens__GeneID_3702	Homo_sapiens	620	0	Src	OG0001055
Homo_sapiens__GeneID_3932	Homo_sapiens	567	0	Src	OG0000213
Homo_sapiens__GeneID_4067	Homo_sapiens	512	0	Src	OG0000213
Homo_sapiens__GeneID_4145	Homo_sapiens	508	0	Src	OG0002474
Homo_sapiens__GeneID_4293	Homo_sapiens	1166	0	Src	OG0001389
Homo_sapiens__GeneID_4294	Homo_sapiens	962	0	Src	OG0001389
Homo_sapiens__GeneID_4296	Homo_sapiens	847	0	Src	OG0001389
Homo_sapiens__GeneID_640	Homo_sapiens	531	0	Src	OG0000213
Homo_sapiens__GeneID_660	Homo_sapiens	675	0	Src	OG0001055
Homo_sapiens__GeneID_6714	Homo_sapiens	562	0	Src	OG0000213
Homo_sapiens__GeneID_695	Homo_sapiens	693	0	Src	OG0001055
Homo_sapiens__GeneID_7006	Homo_sapiens	722	0	Src	OG0001055
Homo_sapiens__GeneID_7294	Homo_sapiens	530	0	Src	OG0001055
Homo_sapiens__GeneID_7525	Homo_sapiens	543	0	Src	OG0000213
Homo_sapiens__GeneID_84451	Homo_sapiens	1036	0	Src	OG0001389
Mus_musculus__GeneID_11350	Mus_musculus	1142	0	Src	OG0001364
Mus_musculus__GeneID_11352	Mus_musculus	1182	0	Src	OG0001364
Mus_musculus__GeneID_12143	Mus_musculus	499	0	Src	OG0000213
Mus_musculus__GeneID_12169	Mus_musculus	655	0	Src	OG0001055
Mus_musculus__GeneID_12229	Mus_musculus	659	0	Src	OG0001055
Mus_musculus__GeneID_12988	Mus_musculus	450	0	Src	OG0002474
Mus_musculus__GeneID_14158	Mus_musculus	823	0	Src	OG0001083
Mus_musculus__GeneID_14159	Mus_musculus	822	0	Src	OG0001083
Mus_musculus__GeneID_14191	Mus_musculus	517	0	Src	OG0000213
Mus_musculus__GeneID_14302	Mus_musculus	512	0	Src	OG0003193
Mus_musculus__GeneID_14360	Mus_musculus	576	0	Src	OG0000213
Mus_musculus__GeneID_15162	Mus_musculus	524	0	Src	OG0000213
Mus_musculus__GeneID_16428	Mus_musculus	625	0	Src	OG0001055
Mus_musculus__GeneID_16818	Mus_musculus	520	0	Src	OG0000213
Mus_musculus__GeneID_17096	Mus_musculus	512	0	Src	OG0000213
Mus_musculus__GeneID_17179	Mus_musculus	506	0	Src	OG0002474
Mus_musculus__GeneID_20779	Mus_musculus	552	0	Src	OG0000213
Mus_musculus__GeneID_21682	Mus_musculus	630	0	Src	OG0001055
Mus_musculus__GeneID_22165	Mus_musculus	543	0	Src	OG0001055
Mus_musculus__GeneID_22612	Mus_musculus	541	0	Src	OG0000213
Mus_musculus__GeneID_234878	Mus_musculus	1002	0	Src	OG0001389
Mus_musculus__GeneID_26403	Mus_musculus	850	0	Src	OG0001389
Mus_musculus__GeneID_269881	Mus_musculus	991	0	Src	OG0001389
Mus_musculus__GeneID_338372	Mus_musculus	1120	0	Src	OG0001389
Shae__MS3_00001484	Shae	859	1	Src	OG0001055
Shae__MS3_00002771	Shae	565	1	Src	OG0000213
Shae__MS3_00004068	Shae	621	1	Src	OG0003193
Shae__MS3_00006730	Shae	1305	1	Src	OG0001364
Shae__MS3_00008738	Shae	904	1	Src	OG0000213
Shae__MS3_00009264	Shae	572	1	Src	OG0000213
Shae__MS3_00009653	Shae	739	1	Src	OG0002474
Shae__MS3_00009762	Shae	1278	1	Src	OG0001083
Sjap__EWB00_001471	Sjap	859	1	Src	OG0001055
Sjap__EWB00_003104	Sjap	647	1	Src	OG0003193
Sjap__EWB00_003747	Sjap	1264	1	Src	OG0001083
Sjap__EWB00_004406	Sjap	557	1	Src	OG0000213
Sjap__EWB00_005849	Sjap	515	1	Src	OG0002474
Sjap__EWB00_007520	Sjap	867	1	Src	OG0000213
Sjap__EWB00_007640	Sjap	702	1	Src	OG0001389
Sjap__EWB00_007873	Sjap	565	1	Src	OG0000213
Sjap__EWB00_010687	Sjap	1308	1	Src	OG0001364
Sman__Smp_006920	Sman	565	1	Src	OG0000213
Sman__Smp_124850	Sman	904	1	Src	OG0001055
Sman__Smp_125360	Sman	719	1	Src	OG0002474
Sman__Smp_128790	Sman	1308	1	Src	OG0001364
Sman__Smp_136300	Sman	652	1	Src	OG0000213
Sman__Smp_172200	Sman	874	1	Src	OG0000213
Sman__Smp_212730	Sman	647	1	Src	OG0003193
Sman__Smp_332370	Sman	1249	1	Src	OG0001083
Sman__Smp_348670	Sman	565	1	Src	OG0000213
Xenopus_laevis__GeneID_100036955	Xenopus_laevis	502	0	Src	OG0000213
Xenopus_laevis__GeneID_100381159	Xenopus_laevis	1106	0	Src	OG0001389
Xenopus_laevis__GeneID_108695301	Xenopus_laevis	508	0	Src	OG0000213
Xenopus_laevis__GeneID_108695677	Xenopus_laevis	823	0	Src	OG0001083
Xenopus_laevis__GeneID_108698274	Xenopus_laevis	648	0	Src	OG0001055
Xenopus_laevis__GeneID_108699730	Xenopus_laevis	1106	0	Src	OG0001389
Xenopus_laevis__GeneID_108699954	Xenopus_laevis	1129	0	Src	OG0001364
Xenopus_laevis__GeneID_108704697	Xenopus_laevis	1115	0	Src	OG0001364
Xenopus_laevis__GeneID_108706583	Xenopus_laevis	628	0	Src	OG0001055
Xenopus_laevis__GeneID_108707219	Xenopus_laevis	824	0	Src	OG0001083
Xenopus_laevis__GeneID_108708097	Xenopus_laevis	519	0	Src	OG0000213
Xenopus_laevis__GeneID_108708930	Xenopus_laevis	503	0	Src	OG0000213
Xenopus_laevis__GeneID_108709526	Xenopus_laevis	519	0	Src	OG0000213
Xenopus_laevis__GeneID_108710759	Xenopus_laevis	653	0	Src	OG0001055
Xenopus_laevis__GeneID_108711440	Xenopus_laevis	822	0	Src	OG0001083
Xenopus_laevis__GeneID_108716819	Xenopus_laevis	517	0	Src	OG0003193
Xenopus_laevis__GeneID_108717237	Xenopus_laevis	497	0	Src	OG0000213
Xenopus_laevis__GeneID_108717930	Xenopus_laevis	505	0	Src	OG0003193
Xenopus_laevis__GeneID_121399356	Xenopus_laevis	442	0	Src	OG0002474
Xenopus_laevis__GeneID_121402817	Xenopus_laevis	102	0	Src	OG0001055
Xenopus_laevis__GeneID_373593	Xenopus_laevis	485	0	Src	OG0002474
Xenopus_laevis__GeneID_373609	Xenopus_laevis	537	0	Src	OG0000213
Xenopus_laevis__GeneID_373647	Xenopus_laevis	541	0	Src	OG0000213
Xenopus_laevis__GeneID_373649	Xenopus_laevis	508	0	Src	OG0000213
Xenopus_laevis__GeneID_373818	Xenopus_laevis	1102	0	Src	OG0001364
Xenopus_laevis__GeneID_378532	Xenopus_laevis	450	0	Src	OG0002474
Xenopus_laevis__GeneID_379629	Xenopus_laevis	537	0	Src	OG0000213
Xenopus_laevis__GeneID_379812	Xenopus_laevis	537	0	Src	OG0000213
Xenopus_laevis__GeneID_380430	Xenopus_laevis	541	0	Src	OG0000213
Xenopus_laevis__GeneID_398612	Xenopus_laevis	1005	0	Src	OG0001389
Xenopus_laevis__GeneID_403362	Xenopus_laevis	1102	0	Src	OG0001364
Xenopus_laevis__GeneID_444292	Xenopus_laevis	822	0	Src	OG0001083
Xenopus_laevis__GeneID_734720	Xenopus_laevis	537	0	Src	OG0000213
Xenopus_laevis__GeneID_734996	Xenopus_laevis	628	0	Src	OG0001055
